티커종목코드,누적거래수량
NVDA        ,18816646549.0
TSLA        ,5977845711.0
MAXN        ,5373045266.0
SOXL        ,4791392454.0
AAPL        ,4051396891.0
INTC        ,3818864282.0
F           ,3712303151.0
TQQQ        ,3532009933.0
AMD         ,3406845399.0
DNA         ,3288583658.0
SPY         ,3213682292.0
FCEL        ,3117723869.0
TSLL        ,3014735620.0
TELL        ,2992367117.0
PLTR        ,2922319307.0
MARA        ,2752042495.0
AMZN        ,2673633867.0
RIVN        ,2606002491.0
SIRI        ,2528278905.0
BAC         ,2469439103.0
XLF         ,2363635198.0
SOFI        ,2349064337.0
TLT         ,2338694221.0
PLUG        ,2327663588.0
AAL         ,2324223764.0
GME         ,2293327012.0
QQQ         ,2263933891.0
NVD         ,2221007727.0
LUMN        ,2110575341.0
T           ,2104961430.0
PFE         ,2096054701.0
LCID        ,2071485799.0
IWM         ,2033473426.0
NU          ,1986480416.0
FXI         ,1967303576.0
WBD         ,1959356515.0
CCL         ,1850286976.0
CLSK        ,1834987994.0
AMC         ,1733032813.0
GOOGL       ,1571908631.0
NKLA        ,1546462112.0
MU          ,1535732928.0
SOUN        ,1532350266.0
NVDL        ,1523672885.0
WULF        ,1476503073.0
SNAP        ,1414075340.0
RIOT        ,1386295964.0
OPEN        ,1380601090.0
GOLD        ,1335374840.0
TNA         ,1299177214.0
CSCO        ,1296450891.0
MSFT        ,1272631573.0
GRAB        ,1260399963.0
WBA         ,1218008677.0
CMCSA       ,1210732839.0
GDX         ,1187074199.0
KVUE        ,1179960871.0
RIG         ,1173111513.0
HBAN        ,1134796911.0
SWN         ,1133014585.0
GOOG        ,1108590126.0
VZ          ,1090768628.0
TLRY        ,1087535902.0
WFC         ,1083706568.0
HOOD        ,1059111746.0
HPE         ,1058260783.0
UBER        ,1028318177.0
ASTS        ,1021621470.0
KGC         ,1014469705.0
DNN         ,1011911582.0
AVGO        ,1010975678.0
BMY         ,993572830.0
PTON        ,984991143.0
KRE         ,982417231.0
WMT         ,981045207.0
LYFT        ,975120638.0
KWEB        ,969199733.0
KEY         ,956982683.0
CMG         ,950327000.0
NKE         ,945897325.0
DELL        ,938488119.0
XOM         ,937067040.0
SBUX        ,935211750.0
GM          ,931981021.0
CORZ        ,931009571.0
JBLU        ,909530142.0
KMI         ,897719701.0
CHPT        ,893124727.0
PARA        ,890898229.0
META        ,888506446.0
AGNC        ,887014524.0
XLE         ,850888982.0
C           ,837991266.0
PYPL        ,799267928.0
RUN         ,798644161.0
MPW         ,785623470.0
NCLH        ,783529027.0
PATH        ,781617320.0
KO          ,778579682.0
PCG         ,770027384.0
GERN        ,755337741.0
UAA         ,745377753.0
FCX         ,740890252.0
SPCE        ,735123548.0
BTBT        ,731578116.0
FUBO        ,720708691.0
NYCB        ,719729795.0
MRVL        ,717939705.0
BTG         ,714693009.0
CSX         ,703925593.0
LUV         ,698423986.0
ALTM        ,697894745.0
AUR         ,697699599.0
CHWY        ,695557773.0
PR          ,692806225.0
DIS         ,688404749.0
SLB         ,668150031.0
AMCR        ,662116147.0
NEE         ,660468093.0
HIMS        ,650878186.0
DKNG        ,650468919.0
LAZR        ,648486634.0
NVAX        ,647328866.0
XLU         ,642374192.0
CIFR        ,641073758.0
QCOM        ,641048288.0
RKLB        ,637657985.0
XLP         ,634670855.0
CVS         ,633980223.0
MNST        ,630727550.0
BTE         ,629021224.0
SHOP        ,623748063.0
QS          ,617597098.0
VRT         ,614485022.0
MRK         ,614055098.0
PINS        ,613324092.0
U           ,612241744.0
CLF         ,610913021.0
IAG         ,589151598.0
ACHR        ,567132608.0
SMH         ,564414068.0
AVTR        ,559408399.0
SCHW        ,558158912.0
PACB        ,552672166.0
JPM         ,552388780.0
MO          ,549616329.0
MSOS        ,548749425.0
CRWD        ,547394052.0
HAL         ,546225857.0
DAL         ,546059839.0
VWO         ,545039789.0
HBI         ,544272811.0
OXY         ,538685398.0
V           ,536153328.0
CRM         ,533958711.0
VTRS        ,532909192.0
HL          ,531520033.0
IEMG        ,531286599.0
USB         ,527992024.0
NGD         ,526469749.0
ORCL        ,525212223.0
EQT         ,523621130.0
BB          ,519885564.0
VEA         ,519783321.0
XBI         ,511450176.0
COIN        ,511010066.0
KHC         ,508580504.0
GLW         ,508418453.0
HPQ         ,506682357.0
ARKK        ,504403828.0
MRO         ,498114435.0
VFC         ,492591783.0
RF          ,491224898.0
KDP         ,487377882.0
IJH         ,481423917.0
PTEN        ,479666436.0
HTZ         ,477298838.0
AES         ,476959300.0
SNOW        ,476667733.0
TFC         ,472729867.0
NEM         ,472655664.0
IOVA        ,468716947.0
HST         ,466728398.0
VST         ,461078889.0
TMF         ,460713971.0
CVX         ,457107941.0
SNTI        ,456999539.3
UAL         ,455195979.0
ZI          ,453835243.0
GILD        ,451808841.0
JNJ         ,451488528.0
CPNG        ,450262176.0
STLA        ,448419025.0
CVE         ,445058765.0
EXC         ,444656931.0
ESPR        ,443944735.0
NOVA        ,441823127.0
XLV         ,441558257.0
SQ          ,441534182.0
APH         ,440390226.0
CLOV        ,435352013.0
TOST        ,435124401.0
AQN         ,434450933.0
UEC         ,434448106.0
SMCI        ,433142112.0
BLUE        ,427672837.0
MCHP        ,427439583.0
KKR         ,423459174.0
JOBY        ,420562655.0
CDE         ,420406030.0
DVN         ,419334460.0
AFRM        ,416838425.0
CNP         ,415852413.0
UPST        ,412607576.0
PG          ,410984752.0
LVS         ,410334479.0
OWL         ,409560224.0
MDT         ,409329545.0
TDOC        ,408728872.0
ABT         ,408458477.0
ON          ,407650269.0
COP         ,400019458.0
FHN         ,399278470.0
MDLZ        ,397632234.0
AMAT        ,397415496.0
RTX         ,397091257.0
BKR         ,395790511.0
MS          ,395191371.0
KSS         ,391257787.0
M           ,386032484.0
ENVX        ,386030943.0
VLY         ,385755497.0
FSM         ,385188229.0
SMR         ,382799399.0
RBLX        ,381100176.0
CELH        ,380062633.0
S           ,378930964.0
WDC         ,378394137.0
CTRA        ,377318282.0
BA          ,376805847.0
LLAP        ,376284363.0
WMB         ,371811664.0
BE          ,371291195.0
SPLG        ,370273779.0
HUT         ,367193010.0
VICI        ,363513896.0
AA          ,362807845.0
TJX         ,362573025.0
QYLD        ,361699333.0
FTNT        ,360569876.0
XP          ,358339572.0
STEM        ,358132059.0
IP          ,357960673.0
AG          ,357749759.0
PENN        ,357629864.0
SHLS        ,357284002.0
XLRE        ,356145289.0
COMM        ,355987287.0
ARRY        ,355628771.0
RXRX        ,355110269.0
OCGN        ,353701302.0
INFN        ,352519174.0
GE          ,350361630.0
EXK         ,350228966.0
BSX         ,349744646.0
APA         ,347672854.0
ZIM         ,347133831.0
APLD        ,346218630.0
MTCH        ,346129319.0
XLK         ,344408531.0
CFG         ,344334627.0
PEP         ,343152099.0
ABBV        ,342789852.0
KOS         ,340939432.0
TXN         ,340172063.0
ELAN        ,339595754.0
STNE        ,332861507.0
NWL         ,329346512.0
DXCM        ,328429656.0
CZR         ,325739638.0
ADT         ,323959173.0
LESL        ,323294177.0
O           ,323085813.0
RGTI        ,320661232.0
RDFN        ,319541635.0
SAVE        ,317844084.0
KR          ,317768111.0
LUNR        ,316540826.0
BLNK        ,314666401.0
AEO         ,314517937.0
ROIV        ,313944206.0
TMUS        ,312815798.0
EW          ,312152374.0
WOOF        ,310319668.0
MBLY        ,309537728.0
PM          ,309513971.0
WOLF        ,308494071.0
ALIT        ,306019670.0
BAX         ,304553865.0
BBAI        ,300532309.0
PPL         ,299437573.0
RCM         ,296358332.0
VOO         ,295905263.0
EBAY        ,293710089.0
ENB         ,293674725.0
ABNB        ,293228698.0
UPRO        ,292630945.0
IONQ        ,292276997.0
MQ          ,292009634.0
UPS         ,291995901.0
MMM         ,290284337.0
CLVT        ,290197044.0
JCI         ,290044857.0
AI          ,289928936.0
SEDG        ,287355330.0
IVV         ,283737279.0
ARDX        ,283395410.0
SU          ,283306618.0
AIG         ,283166773.0
CAG         ,282984060.0
GT          ,281152775.0
NXE         ,281050684.0
FITB        ,279993261.0
AGL         ,279680219.0
CNQ         ,279188947.0
COMP        ,276751958.0
TGT         ,276331440.0
CVNA        ,275677084.0
CCCS        ,275586191.0
GEN         ,273244935.0
DASH        ,271752415.0
IAUX        ,270588106.0
HE          ,269908924.0
CHGG        ,269716136.0
SPXL        ,269664058.0
MGM         ,268140500.0
SHCR        ,268092378.0
DOW         ,267990372.0
QBTS        ,266646693.0
CFLT        ,264376135.0
KIM         ,262877407.0
APPS        ,262312156.0
GSAT        ,260947193.0
UNH         ,259817254.0
LAC         ,259565076.0
NI          ,259530474.0
URG         ,257832605.0
BEN         ,257647334.0
IPG         ,256360120.0
DBX         ,255881982.0
W           ,254353892.0
Z           ,253428263.0
SMMT        ,251902451.0
CL          ,251296196.0
WEN         ,250941949.0
WU          ,250566087.0
BK          ,250367669.0
SO          ,250139815.0
MRNA        ,248815722.0
IVZ         ,248421104.0
IOT         ,248273487.0
MCD         ,248053872.0
COTY        ,247823441.0
GIS         ,247777474.0
VKTX        ,247640715.0
MAT         ,246533305.0
CNC         ,245358862.0
NLY         ,244521135.0
SOXX        ,242352867.0
MOS         ,242293715.0
DDOG        ,240601792.0
PLD         ,240388161.0
APP         ,240157212.0
BRK.B       ,239328567.0
CTSH        ,239217476.0
GTES        ,238597619.0
WY          ,237837726.0
GOEV        ,236333902.0
MSTR        ,236237236.0
DNB         ,236212567.0
ENPH        ,235464096.0
PAAS        ,235223809.0
CARR        ,234884872.0
K           ,234462508.0
D           ,233700018.0
INSM        ,233002067.0
SABR        ,232397392.0
BN          ,231585592.0
ABR         ,231465204.0
BMBL        ,231163506.0
UDOW        ,230589296.0
FIGS        ,229428975.0
CCJ         ,229255735.0
BROS        ,228500172.0
SYF         ,228435307.0
BBWI        ,228268243.0
VNQ         ,227597756.0
IJR         ,227222123.0
CEG         ,226962752.0
CAVA        ,225565169.0
CRBG        ,225214822.0
NXT         ,225103301.0
HR          ,224699667.0
FTI         ,223899553.0
TTD         ,223597266.0
ADMA        ,223463045.0
PAGS        ,223314048.0
EL          ,222418457.0
ADM         ,221324133.0
HD          ,221323527.0
ROKU        ,221171007.0
IBM         ,219945994.0
HUMA        ,219430994.0
ZM          ,218677421.0
FSLY        ,218156127.0
BHC         ,217380277.0
CRK         ,216961008.0
SPR         ,216725624.0
INCY        ,215964308.0
APTV        ,215848060.0
DT          ,215239159.0
PFF         ,215035158.0
BBY         ,214446034.0
OPK         ,214341780.0
ALT         ,214214846.0
AR          ,213523834.0
HBM         ,213416136.0
FIS         ,213092563.0
EVGO        ,212891674.0
EAF         ,212602974.0
LAB         ,212037458.0
ADI         ,211603721.0
ACN         ,211556136.0
PSTG        ,211110312.0
FLEX        ,209675046.0
INVH        ,208416773.0
BX          ,208345501.0
ATUS        ,207154316.0
DIA         ,206881787.0
LEG         ,206320776.0
YINN        ,206009506.0
ETSY        ,205924582.0
GLDM        ,205771622.0
OSCR        ,204958298.0
NFE         ,204628031.0
SAVA        ,204605126.0
LLY         ,204497606.0
PANW        ,204250395.0
SYY         ,204244423.0
NFLX        ,204211461.0
IBRX        ,203370378.0
NRG         ,203273269.0
MET         ,202869444.0
SSRM        ,202191575.0
ALB         ,202109412.0
EDR         ,201962687.0
SG          ,200946038.0
PGX         ,200942760.0
XEL         ,198469649.0
FAST        ,197020395.0
JEPQ        ,196461573.0
ADBE        ,196021223.0
EBS         ,195839605.0
UNIT        ,194279092.0
NOV         ,193659845.0
LW          ,192986537.0
BLND        ,192931658.0
VSCO        ,192893697.0
CAT         ,192838747.0
HCP         ,192775121.0
TGB         ,191995835.0
BYND        ,191820812.0
CONL        ,191012555.0
OVV         ,190807296.0
JEPI        ,190544159.0
RITM        ,189431382.0
DHR         ,188980519.0
COUR        ,188836128.0
CNK         ,188369380.0
QLD         ,187616264.0
BCRX        ,187443795.0
ZETA        ,187228956.0
PCAR        ,186743124.0
CTVA        ,186742270.0
WELL        ,185317217.0
URA         ,185173811.0
TECK        ,185036967.0
SCHD        ,184769451.0
TRP         ,184713663.0
LXRX        ,184451945.0
RKT         ,183808845.0
VTI         ,183264909.0
NET         ,183229649.0
TGTX        ,182942161.0
PAYO        ,182821104.0
DUK         ,182559972.0
QURE        ,182350638.0
AKBA        ,182187363.0
NTNX        ,181784979.0
GNW         ,181700342.0
EOG         ,181587357.0
ICLN        ,181158096.0
INDI        ,181113308.0
SPYG        ,181060584.0
XRAY        ,180729634.0
HON         ,180504282.0
HWM         ,180385426.0
APO         ,180263299.0
MP          ,180030229.0
FL          ,179839854.0
NVST        ,179586432.0
RPRX        ,179518464.0
BWA         ,179268009.0
SPYV        ,179190848.0
NDAQ        ,178242741.0
SSO         ,177947239.0
CRGY        ,176596458.0
RILY        ,176592013.0
DLTR        ,176334339.0
X           ,176319656.0
AXP         ,175567429.0
EXAS        ,175390691.0
PEG         ,174556369.0
EWY         ,174372328.0
UA          ,173386180.0
VLO         ,173277479.0
SRE         ,173100023.0
CNX         ,171966907.0
AEP         ,171911248.0
ILMN        ,171369294.0
ANNX        ,170886847.0
ALLO        ,170610032.0
FSLR        ,170581711.0
CPB         ,169883463.0
GTLB        ,169746198.0
LSCC        ,169399036.0
EQX         ,169142211.0
LOW         ,169045404.0
ICE         ,168966052.0
UUUU        ,168741847.0
ARQT        ,168149394.0
PK          ,167210565.0
GEHC        ,167179734.0
SWKS        ,166480423.0
FOXA        ,166267630.0
TPR         ,166033222.0
OLPX        ,165624942.0
FOLD        ,165476371.0
CSGP        ,165141584.0
NWSA        ,164654223.0
DHI         ,164227193.0
FGEN        ,163821030.0
ACI         ,163395442.0
FE          ,163173283.0
EMR         ,163079367.0
AM          ,162766994.0
OKE         ,162698172.0
WDAY        ,162261978.0
BLDP        ,161784558.0
IR          ,161404588.0
DG          ,161272377.0
EVH         ,161111233.0
FLNC        ,160165363.0
CMA         ,159994990.0
TSHA        ,159971445.0
GENI        ,159047928.0
MA          ,159001302.0
WMG         ,157720819.0
PGR         ,157352552.0
EQH         ,156946744.0
DV          ,156822184.0
ALLY        ,156796071.0
MPC         ,156255158.0
FI          ,156200564.0
AVDX        ,156113550.0
ETN         ,156044308.0
NVTS        ,155747762.0
EVRI        ,155685159.0
ARKG        ,155409799.0
MNKD        ,155375463.0
GEO         ,155164951.0
MRVI        ,154552095.0
JBI         ,154471651.0
STX         ,154214556.0
COHR        ,153890522.0
DAR         ,153634995.0
BTU         ,153616183.0
COF         ,152866317.0
IRT         ,152839744.0
LULU        ,152838504.0
AISP        ,152548528.0
HRTX        ,151896674.0
DBI         ,151865261.0
CG          ,151763607.0
HRL         ,150864613.0
FNB         ,150374133.0
CATX        ,150142619.0
UGI         ,150026461.0
CCI         ,149800774.0
UPWK        ,149634891.0
AMDL        ,149600635.0
GPK         ,148977745.0
JNPR        ,148904682.0
MVIS        ,148795082.0
PSX         ,148597278.0
TD          ,148240417.0
RCL         ,148214366.0
TWLO        ,148110346.0
PWSC        ,147832670.0
DOCU        ,147699803.0
BMRN        ,147322970.0
LEN         ,146302333.0
ROST        ,146127089.0
COLD        ,145943073.0
UNP         ,145649055.0
FRSH        ,145359734.0
APLE        ,145124318.0
HPP         ,144251942.0
NRDY        ,144058593.0
DXC         ,144003281.0
WEC         ,143765959.0
DO          ,143641886.0
CLS         ,143530632.0
VSAT        ,143499408.0
PBI         ,143045438.0
LBRT        ,143004582.0
MODG        ,142784139.0
ASAN        ,142691589.0
NAT         ,142661202.0
JWN         ,142410092.0
GPN         ,142354909.0
CRDO        ,142232496.0
JETS        ,142225981.0
BF.B        ,141961230.0
LXP         ,141750479.0
VTR         ,141736890.0
CNM         ,141635897.0
OTIS        ,140739076.0
AFL         ,140380190.0
DDD         ,140338439.0
EB          ,140287547.0
AMT         ,140126353.0
SFIX        ,139528434.0
GS          ,139084595.0
AEM         ,139059081.0
NXPI        ,138942871.0
REAL        ,138918917.0
VZIO        ,138476875.0
EA          ,138286747.0
DVAX        ,138269804.0
LSXMK       ,137911312.0
CME         ,137884849.0
RRC         ,137849490.0
ES          ,137771635.0
UDR         ,137515508.0
DLO         ,137398270.0
KMB         ,137081986.0
MCW         ,137009955.0
CRBU        ,136876664.0
AZEK        ,136813157.0
AMGN        ,136775279.0
TALO        ,136740749.0
WYNN        ,136463194.0
TAP         ,136456658.0
LZ          ,136102379.0
BANC        ,135994856.0
ANET        ,135308037.0
LBTYK       ,135305507.0
SHO         ,135170461.0
ZTS         ,135155003.0
TER         ,134961160.0
TSN         ,134908715.0
GO          ,134738110.0
CWK         ,134597990.0
DD          ,134544784.0
GH          ,134053382.0
CMS         ,134049980.0
SBRA        ,134016917.0
TU          ,133841498.0
HLF         ,133725879.0
DNUT        ,133599956.0
AMH         ,133575238.0
ONB         ,133184189.0
ERAS        ,133172874.0
NEXT        ,132723317.0
PBF         ,132637400.0
WSC         ,132585350.0
TWKS        ,132524143.0
MTTR        ,132315619.0
TGNA        ,132188879.0
ATEC        ,131668020.0
ZS          ,131539458.0
RDZN        ,131373528.0
ALK         ,131300888.0
MFC         ,131077475.0
LEVI        ,131054405.0
FIVE        ,130861113.0
FATE        ,130771598.0
MGY         ,130715386.0
STT         ,130463257.0
IRM         ,129985204.0
STWD        ,129951249.0
CWAN        ,129723432.0
BRX         ,129320211.0
PL          ,129161584.0
COLB        ,129112836.0
BKD         ,128778160.0
VNO         ,128556926.0
EXPE        ,128438826.0
RHI         ,128310754.0
ALGM        ,128295244.0
CP          ,128210572.0
APG         ,127956378.0
SM          ,127915406.0
XFOR        ,127626570.0
XRX         ,127109407.0
CDNS        ,126911958.0
GTHX        ,126717807.0
TRIP        ,126684379.0
BCE         ,126511254.0
CXM         ,126466128.0
ALAB        ,126300289.0
BXMT        ,125837282.0
CCO         ,125700062.0
KNX         ,125359973.0
CAH         ,125219478.0
RELY        ,125114153.0
DHT         ,124958738.0
AAOI        ,124709657.0
HOUS        ,124460428.0
EDIT        ,124444302.0
PAYX        ,124407002.0
PHM         ,124043221.0
SKX         ,124016099.0
YUM         ,124004192.0
NEOG        ,123762023.0
COST        ,123343202.0
AGI         ,123034538.0
TEAM        ,122918656.0
NTAP        ,122627780.0
ADSK        ,122572663.0
MKC         ,122466154.0
CF          ,122230086.0
RSI         ,122192035.0
ARMK        ,122190337.0
EYE         ,122010087.0
EXTR        ,121989744.0
DRH         ,121963653.0
USFD        ,121863629.0
NTR         ,121730653.0
SRPT        ,121653131.0
SONO        ,121478298.0
BLDR        ,121394168.0
ETWO        ,121305269.0
ALKS        ,121251752.0
SMTC        ,120865814.0
FTV         ,120030417.0
PCOR        ,120001931.0
LYV         ,119816881.0
MAS         ,119600229.0
TECL        ,119506054.0
SPOT        ,119312221.0
BALL        ,118873698.0
HUN         ,118370292.0
ST          ,118044910.0
HLX         ,117872154.0
SILK        ,117575872.0
GDDY        ,117363509.0
FMC         ,117164110.0
CHX         ,117146531.0
MSOX        ,117126994.0
SHW         ,116886257.0
OI          ,116771038.0
KMX         ,116525110.0
CTLT        ,116514336.0
ED          ,116356578.0
DBRG        ,116276363.0
ENTG        ,116177152.0
AXTA        ,116040780.0
ANF         ,115995922.0
SRCL        ,115927435.0
HES         ,115874360.0
BBIO        ,115572168.0
EIX         ,115558054.0
SKIN        ,115206926.0
TXG         ,114735562.0
RES         ,114706749.0
QQQM        ,114533542.0
GPRO        ,114476852.0
ACAD        ,114413656.0
AMKR        ,114406882.0
PNC         ,114221247.0
MGNI        ,114166698.0
AAP         ,114122174.0
OKTA        ,113962021.0
DINO        ,113954958.0
EQR         ,113941602.0
LKQ         ,113822771.0
SANA        ,113467350.0
ORC         ,113096580.0
SVRA        ,112833661.0
HA          ,112642441.0
KIND        ,112597837.0
KD          ,112507247.0
EAT         ,112247562.0
EXEL        ,112237179.0
LNG         ,112116028.0
UBS         ,112085228.0
CHRS        ,111740128.0
HAS         ,111509768.0
BILL        ,111497280.0
MDB         ,111305657.0
NVT         ,110969263.0
NKTR        ,110768219.0
ELF         ,110667305.0
FDX         ,110347956.0
CLNE        ,109918129.0
FND         ,109746669.0
ULCC        ,109720683.0
SLDP        ,109636006.0
FREY        ,109575657.0
PCT         ,109389690.0
WM          ,109318570.0
BORR        ,109269986.0
ODFL        ,109059051.0
QSR         ,108306728.0
CYH         ,108147527.0
REI         ,107936109.0
CHK         ,107895363.0
ABCL        ,107826761.0
TPX         ,107784034.0
BNS         ,107693093.0
SYM         ,107376918.0
INFA        ,107281825.0
ASO         ,107250960.0
NUVB        ,107073519.0
MMC         ,107061383.0
SAND        ,106214008.0
HLT         ,106124124.0
RNA         ,106115283.0
AMLX        ,106015944.0
VGR         ,106012433.0
SOLV        ,105749192.0
OGN         ,105664192.0
AROC        ,105495618.0
PNR         ,105415091.0
URBN        ,105112763.0
EVRG        ,105016754.0
TEL         ,104901905.0
CBRE        ,104805093.0
AU          ,104770051.0
NVDY        ,104368557.0
VIAV        ,104171810.0
TTWO        ,103903059.0
NTLA        ,103836545.0
BFLY        ,103819023.0
ZION        ,103745235.0
SLM         ,103569878.0
DOCS        ,103476544.0
MTG         ,103167340.0
BOX         ,103142606.0
DE          ,103118576.0
HOG         ,103050692.0
DX          ,103026895.0
AMBP        ,103011994.0
DB          ,102917129.0
VIRT        ,102893288.0
ETR         ,102892423.0
FIP         ,102873030.0
NG          ,102481679.0
TNDM        ,102360401.0
MGA         ,102202220.0
APD         ,102141746.0
LYB         ,102083996.0
FLR         ,101872954.0
ABSI        ,101695970.0
GFS         ,101516216.0
FIVN        ,101425310.0
OHI         ,101360255.0
WTI         ,101316584.0
AKAM        ,101242246.0
HSY         ,101136455.0
ROL         ,101056103.0
LFST        ,101000415.0
CCCC        ,100863865.0
ADP         ,100856111.0
AY          ,100839816.0
TRU         ,100609454.0
PLNT        ,100418136.0
FULT        ,100413605.0
MAR         ,100113445.0
LIN         ,100096611.0
GTN         ,99833694.0
SBLK        ,99797691.0
HSIC        ,99623139.0
SITC        ,99611560.0
IART        ,99610977.0
OMC         ,99525108.0
RBA         ,99090198.0
WT          ,99005220.0
HOLX        ,98779276.0
OZK         ,98639233.0
UP          ,98620855.0
ATI         ,98588393.0
DPST        ,98543413.0
RC          ,98529932.0
TRGP        ,98516488.0
UWMC        ,98378212.0
TMO         ,98359523.0
NUE         ,98243655.0
OPCH        ,98164405.0
PRGO        ,98106286.0
ZBH         ,98053913.0
ACGL        ,97847751.0
LABU        ,97809354.0
CHD         ,97663723.0
BJ          ,97636880.0
RMBS        ,97537854.0
FUN         ,97451553.0
AQST        ,97420003.0
DEI         ,97359397.0
LMND        ,97264379.0
MAC         ,97150429.0
PPG         ,97110579.0
VMEO        ,97097158.0
WPM         ,96849604.0
XPO         ,96648924.0
JBL         ,96535816.0
ISRG        ,96469171.0
ACCD        ,96407875.0
CRNC        ,96051942.0
FYBR        ,96004428.0
VLTO        ,95869752.0
CHRW        ,95815405.0
SWK         ,95752685.0
DLR         ,95745594.0
BRBR        ,95717781.0
AER         ,95644510.0
GCI         ,95549162.0
FBIN        ,95549038.0
GNL         ,95522160.0
MUR         ,95390866.0
SILV        ,95337128.0
CSIQ        ,95205719.0
CIEN        ,95111231.0
PRU         ,95045129.0
TALK        ,94916326.0
AMRX        ,94886752.0
EVLV        ,94653195.0
AEHR        ,94515900.0
ARHS        ,94410698.0
SMRT        ,94255419.0
ALL         ,94198450.0
INTU        ,94049157.0
VERU        ,93960052.0
ZNTL        ,93533883.0
ESI         ,93531743.0
URTY        ,93450407.0
SEE         ,93423556.0
ADPT        ,93402797.0
EPRT        ,93375801.0
GNTX        ,93360370.0
YOU         ,93285235.0
XERS        ,93066668.0
WSM         ,93042294.0
REXR        ,92803663.0
CI          ,92674986.0
BDN         ,92318888.0
RVMD        ,92074929.0
CONY        ,92074168.0
BDX         ,91889834.0
NOW         ,91853202.0
WRBY        ,91710588.0
LYRA        ,91459281.0
PUMP        ,91452897.0
RUM         ,91417955.0
SPG         ,91202531.0
LNC         ,91075009.0
LNT         ,90946906.0
AMCX        ,90776735.0
APLS        ,90751469.0
TOL         ,90576354.0
FOUR        ,90310761.0
YETI        ,90192009.0
HAYW        ,90171616.0
SEAT        ,89982944.0
HIG         ,89867119.0
SMAR        ,89861423.0
QRVO        ,89641397.0
WRB         ,89601201.0
VRNS        ,89503352.0
CB          ,89469758.0
EGO         ,89430794.0
NE          ,89240432.0
SBH         ,89204665.0
AEE         ,89125553.0
ALXO        ,88775699.0
KRG         ,88718453.0
LITE        ,88693059.0
CENX        ,88645278.0
NTRA        ,88245996.0
CC          ,88153445.0
WBS         ,88093753.0
NVCR        ,87789508.0
VERV        ,87683532.0
FWONK       ,87445410.0
GDRX        ,87433930.0
EXPD        ,87248629.0
CADE        ,87186162.0
KBH         ,87094067.0
GLNG        ,86997284.0
LC          ,86850989.0
AXL         ,86843874.0
LTH         ,86805359.0
MRSN        ,86554147.0
HP          ,86535514.0
IFF         ,86522560.0
HNST        ,86406255.0
SNV         ,86077714.0
GCT         ,86067295.0
HALO        ,85770282.0
AON         ,85488795.0
JEF         ,85431842.0
MNMD        ,85272424.0
FRO         ,85121508.0
BMEA        ,85043284.0
GFL         ,84944453.0
ASB         ,84832771.0
COPX        ,84685181.0
NOG         ,84485542.0
ACMR        ,84432266.0
FANG        ,84201733.0
GOGL        ,83666009.0
CIVI        ,83649669.0
AUPH        ,83512717.0
STLD        ,83388430.0
GES         ,83371414.0
TRMB        ,83294132.0
DOCN        ,82949068.0
CABA        ,82858965.0
CRSP        ,82742976.0
DRI         ,82732470.0
OLN         ,82704148.0
KEYS        ,82650393.0
AME         ,82624291.0
TT          ,82478674.0
IBB         ,82398354.0
CROX        ,82273871.0
GLPI        ,81952672.0
ADNT        ,81905289.0
IGT         ,81883020.0
SVC         ,81821584.0
LSXMA       ,81753949.0
AHR         ,81737461.0
RJF         ,81731498.0
RPAY        ,81554753.0
WTRG        ,81458598.0
PRMW        ,81401205.0
VVV         ,81398423.0
DFS         ,81375993.0
BG          ,81240857.0
ELEV        ,81188550.0
TERN        ,81075305.0
PSNL        ,80885581.0
MWA         ,80377241.0
WHR         ,80297167.0
PRCH        ,80165040.0
PLAY        ,80130757.0
VTYX        ,80092908.0
BEAM        ,79925694.0
CLX         ,79831687.0
FLYW        ,79717438.0
MGNX        ,79641966.0
ZUO         ,79447894.0
SYK         ,79371003.0
TRV         ,79369065.0
MD          ,79295486.0
AMSC        ,79108425.0
CNDT        ,79044679.0
CHRD        ,79032274.0
IONS        ,78898746.0
FROG        ,78887748.0
FTAI        ,78863328.0
RXT         ,78753324.0
INMD        ,78613186.0
AVPT        ,78467188.0
RNG         ,78431642.0
XYL         ,78428158.0
CHTR        ,78325703.0
PGNY        ,78307747.0
ARES        ,78279155.0
VT          ,77937308.0
BXP         ,77910218.0
HCA         ,77904851.0
THC         ,77821220.0
DESP        ,77811503.0
RLAY        ,77709342.0
IQV         ,77655687.0
ORI         ,77652659.0
NTRS        ,77343292.0
EGHT        ,77296205.0
CM          ,77269807.0
CPRI        ,77260675.0
WPC         ,77218674.0
DGRO        ,77131829.0
APLT        ,77098372.0
PYCR        ,77084439.0
PAVE        ,77040381.0
HUM         ,77006543.0
REKR        ,76953248.0
CSTM        ,76849506.0
PFG         ,76744268.0
AVDL        ,76727261.0
CGNX        ,76552515.0
SCLX        ,76315926.0
CUBE        ,76268579.0
EBC         ,76253162.0
OUST        ,76213887.0
ADTN        ,75872509.0
LGF.A       ,75845499.0
BSY         ,75776698.0
BRKR        ,75735875.0
ACVA        ,75701244.0
COO         ,75674275.0
WAB         ,75597224.0
GL          ,75539217.0
VRTX        ,75527621.0
HRB         ,75445175.0
PTLO        ,75419344.0
FLO         ,75337044.0
CNI         ,75312970.0
TDS         ,75309894.0
GRPN        ,75278114.0
CDLX        ,75155316.0
IAS         ,74881883.0
LQDA        ,74823208.0
AVTE        ,74688642.0
DRVN        ,74402291.0
TAN         ,74201348.0
SJM         ,74167857.0
PZZA        ,74127408.0
RSG         ,74085923.0
ESTC        ,73998001.0
VLD         ,73868031.0
FERG        ,73682900.0
PBA         ,73644842.0
QDEL        ,73616645.0
UROY        ,73564903.0
SLRN        ,73524314.0
TREX        ,73321534.0
G           ,73281623.0
BNL         ,73190012.0
IVR         ,73148764.0
PFGC        ,73068536.0
AVXL        ,72958964.0
OGE         ,72827125.0
REAX        ,72727682.0
IRBT        ,72726666.0
HLIT        ,72679508.0
RYAN        ,72653586.0
OLLI        ,72565948.0
OSUR        ,72559329.0
IMVT        ,72552175.0
YEXT        ,72507082.0
UNM         ,72488121.0
LRCX        ,72417876.0
VRRM        ,72386856.0
DNLI        ,72373457.0
TROX        ,72340271.0
CUZ         ,72298143.0
TSLY        ,72204368.0
WWW         ,72129856.0
PD          ,72065082.0
SGRY        ,71973413.0
VET         ,71903357.0
ATMU        ,71900667.0
SATS        ,71731612.0
BRO         ,71713370.0
STZ         ,71696766.0
ALNY        ,71641780.0
DKS         ,71607167.0
ELS         ,71547518.0
SCCO        ,71415804.0
DH          ,71399594.0
SGH         ,71216376.0
NCNO        ,71145939.0
REPL        ,70935776.0
CVI         ,70747497.0
NAPA        ,70456110.0
BRZE        ,70241330.0
CPRX        ,70135430.0
NSC         ,70058650.0
BRCC        ,70030537.0
VIR         ,69727460.0
ECL         ,69718976.0
ASPI        ,69594579.0
BHVN        ,69532565.0
EU          ,69503611.0
GLBE        ,69502916.0
HLVX        ,69406738.0
TVTX        ,69262398.0
DAN         ,69200866.0
LGF.B       ,69133116.0
COGT        ,69046163.0
ESRT        ,68928482.0
FWRD        ,68723920.0
MDU         ,68685339.0
PGEN        ,68603474.0
AESI        ,68537706.0
CCK         ,68509784.0
KLG         ,68492818.0
MXL         ,68467421.0
RMD         ,68313438.0
SPGI        ,68161243.0
WHD         ,68039609.0
DYN         ,68026741.0
BYD         ,67937827.0
LNTH        ,67935139.0
STAG        ,67930284.0
TTI         ,67886877.0
OLO         ,67821539.0
ULTA        ,67816782.0
HOMB        ,67768439.0
ARR         ,67756573.0
TWST        ,67701851.0
ATOS        ,67631999.0
CVAC        ,67576493.0
QGEN        ,67486869.0
VAL         ,67460247.0
ECVT        ,67417428.0
SAGE        ,67405807.0
DK          ,67248015.0
LMT         ,67232824.0
AAPU        ,67094499.0
PGY         ,66995006.0
JHG         ,66979559.0
TROW        ,66757866.0
NMRK        ,66718137.0
WAL         ,66697482.0
CRI         ,66601791.0
LILAK       ,66562240.0
ARWR        ,66544090.0
TTC         ,66539739.0
CXW         ,66424409.0
ITCI        ,66219059.0
HASI        ,66130337.0
SHC         ,66014225.0
ENV         ,65999883.0
BMO         ,65998103.0
ASM         ,65983423.0
PFS         ,65954439.0
SFL         ,65894899.0
ELV         ,65835641.0
VSH         ,65783151.0
SVOL        ,65756071.0
UDMY        ,65732452.0
FBP         ,65660109.0
BAM         ,65429344.0
AHCO        ,65378840.0
TSCO        ,65345339.0
XPRO        ,65265186.0
LBRDK       ,65213075.0
CORT        ,65198221.0
IHRT        ,65129973.0
ADV         ,65119311.0
WTTR        ,65066231.0
ITW         ,65037847.0
VEEV        ,64928942.0
NYT         ,64643137.0
BIIB        ,64544699.0
NNOX        ,64157613.0
VERX        ,64149056.0
CDMO        ,64114100.0
GPRE        ,64014262.0
TMCI        ,64006412.0
RY          ,63969122.0
TENB        ,63938094.0
VRDN        ,63872739.0
SSNC        ,63826605.0
EXPI        ,63824995.0
GD          ,63820758.0
SPYD        ,63817007.0
DAWN        ,63725977.0
SCI         ,63670585.0
REG         ,63600734.0
RNW         ,63518715.0
CWH         ,63487073.0
IRDM        ,63482900.0
LPLA        ,63344354.0
KRC         ,63307237.0
SNDR        ,63197642.0
WFRD        ,63149056.0
TECH        ,62988342.0
RVLV        ,62900495.0
SHAK        ,62876998.0
ORGO        ,62835638.0
CDW         ,62766103.0
BL          ,62749314.0
CRON        ,62631137.0
TEX         ,62521952.0
ABUS        ,62462802.0
VTLE        ,62423543.0
NNN         ,62355200.0
TDW         ,62354924.0
BGS         ,62333576.0
DTE         ,62322922.0
FNF         ,62301279.0
UE          ,62188799.0
LAZ         ,62175265.0
EGY         ,62148973.0
DHC         ,61923817.0
DOV         ,61838249.0
MKSI        ,61834657.0
PTGX        ,61766065.0
KTOS        ,61748736.0
PNW         ,61593394.0
CRC         ,61485623.0
OMI         ,61417412.0
CAKE        ,61394250.0
ARLO        ,61279037.0
EFC         ,61267397.0
RPD         ,61248028.0
FOX         ,61227816.0
GPC         ,61147775.0
NTST        ,61142471.0
EXLS        ,61060982.0
SUM         ,60960001.0
AMPS        ,60897737.0
GMED        ,60877750.0
EWCZ        ,60870903.0
AIV         ,60869296.0
ALHC        ,60774020.0
TXT         ,60761731.0
ACHC        ,60427812.0
AOS         ,60391013.0
SPRY        ,60349835.0
SLQT        ,60348085.0
IDYA        ,60029407.0
LYEL        ,59893310.0
TWO         ,59842772.0
WERN        ,59623737.0
ETNB        ,59573658.0
SNPS        ,59479466.0
TPG         ,59416200.0
OVID        ,59395848.0
PWR         ,59324639.0
OLMA        ,59309816.0
POR         ,59150884.0
BTSG        ,59090964.0
ATEN        ,58911067.0
KLAC        ,58799093.0
HAIN        ,58747340.0
FSP         ,58695682.0
VITL        ,58529110.0
EXR         ,58474189.0
ATO         ,58317967.0
CERS        ,58285124.0
BRY         ,58265325.0
HLMN        ,58221505.0
ADC         ,58214940.0
AWK         ,57978012.0
DNOW        ,57972963.0
FULC        ,57940800.0
FLS         ,57888592.0
JBGS        ,57840792.0
FR          ,57748255.0
NRIX        ,57722642.0
TGI         ,57653604.0
ZWS         ,57535420.0
ARE         ,57273063.0
MIR         ,57222278.0
IBKR        ,57182021.0
RWT         ,56905525.0
NOC         ,56858088.0
WCN         ,56841171.0
KBR         ,56804096.0
BRSP        ,56791847.0
AMZU        ,56621303.0
MTB         ,56620079.0
PSN         ,56501050.0
SIG         ,56437074.0
FBL         ,56396579.0
JBHT        ,56389410.0
TPH         ,56363348.0
TTMI        ,56354999.0
TLS         ,56248371.0
FDMT        ,56233435.0
PDCO        ,56187646.0
CYRX        ,56177095.0
CFFN        ,56114997.0
PII         ,56019240.0
ACM         ,55997875.0
ATRC        ,55958627.0
WVE         ,55881794.0
AKR         ,55806947.0
PAYC        ,55623450.0
SRRK        ,55546744.0
CMI         ,55495601.0
POWW        ,55486171.0
OIS         ,55482616.0
ALGN        ,55471149.0
GBTG        ,55304247.0
MAX         ,55301359.0
TDC         ,55245364.0
HXL         ,55120581.0
AGCO        ,55106507.0
DGX         ,54985052.0
SBAC        ,54976687.0
PARR        ,54833942.0
EMN         ,54799362.0
IMMR        ,54720181.0
RVTY        ,54700486.0
ARVN        ,54687909.0
GNRC        ,54686145.0
LSPD        ,54671397.0
ARI         ,54571443.0
IMNM        ,54361693.0
ARAY        ,54356713.0
AAN         ,54259419.0
RL          ,54229333.0
MBC         ,54194719.0
ALV         ,54167419.0
SSP         ,54154723.0
RGEN        ,54102701.0
OII         ,54027683.0
EWTX        ,54000251.0
MRUS        ,53990942.0
LNW         ,53935774.0
LPX         ,53877109.0
NATL        ,53867199.0
LDOS        ,53851734.0
IE          ,53812531.0
TMHC        ,53785935.0
SMPL        ,53778023.0
RCKT        ,53775936.0
WH          ,53758265.0
MOD         ,53648430.0
STEP        ,53616205.0
OMF         ,53615392.0
SQSP        ,53602198.0
GGG         ,53519491.0
CBOE        ,53404020.0
ACRS        ,53265519.0
GXO         ,53211143.0
ROK         ,53088866.0
BFH         ,52989965.0
HUBC        ,52931605.0
NARI        ,52913452.0
HIW         ,52793498.0
ALC         ,52716042.0
DCGO        ,52645099.0
SWTX        ,52599300.0
QSI         ,52415521.0
RGLS        ,52382707.0
BARK        ,52355800.0
SVV         ,52260510.0
TPIC        ,52256064.0
XHR         ,52224513.0
VMC         ,52209659.0
LHX         ,52160927.0
EYPT        ,52100017.0
CE          ,51989107.0
PMT         ,51969015.0
HUBS        ,51817585.0
ACDC        ,51620776.0
AJG         ,51512784.0
CVBF        ,51512275.0
DVA         ,51433965.0
PRME        ,51374023.0
PVH         ,51326140.0
HOPE        ,51260578.0
RDN         ,51249688.0
RXO         ,51195049.0
STNG        ,51117395.0
ATKR        ,51116527.0
SLG         ,51030810.0
LAUR        ,51027110.0
FTDR        ,51001567.0
BC          ,50981589.0
NMRA        ,50953771.0
CRNX        ,50878211.0
CWEN        ,50858005.0
VNT         ,50842725.0
RYLD        ,50842205.0
PTC         ,50801384.0
AGEN        ,50751792.0
UTZ         ,50743811.0
RAMP        ,50677971.0
MRNS        ,50648287.0
CPT         ,50607107.0
VYM         ,50511087.0
REVG        ,50497130.0
FVRR        ,50450543.0
NSA         ,50369069.0
MOAT        ,50362522.0
VECO        ,50352356.0
NN          ,50351837.0
NVDU        ,50347188.0
LCTX        ,50347101.0
CGEM        ,50334083.0
SWI         ,50277691.0
NBIX        ,50267982.0
SON         ,50223715.0
MCK         ,50220187.0
BEPC        ,50216716.0
CARG        ,50213175.0
NTCT        ,50056315.0
TXRH        ,50040679.0
MTZ         ,49716469.0
HYLN        ,49711930.0
AMN         ,49708370.0
MCS         ,49660423.0
ATAI        ,49577364.0
FNA         ,49552877.0
CMC         ,49552262.0
ATNM        ,49293651.0
EFX         ,49287703.0
MIRM        ,49256673.0
NUS         ,49206728.0
HGV         ,49030410.0
BKU         ,49015509.0
GETY        ,49013680.0
OR          ,48946243.0
MHK         ,48902050.0
AL          ,48777833.0
LEA         ,48775960.0
TNGX        ,48738218.0
AKRO        ,48711990.0
SDRL        ,48683783.0
RH          ,48553383.0
REZI        ,48540877.0
SNX         ,48484922.0
MYGN        ,48388235.0
TW          ,48276891.0
CNO         ,48143423.0
LFMD        ,48104627.0
STRO        ,48055122.0
BECN        ,47977714.0
TARS        ,47917050.0
VRSK        ,47893043.0
SGML        ,47852670.0
CMP         ,47801623.0
OPI         ,47775495.0
MAPS        ,47741543.0
HCC         ,47710111.0
ILPT        ,47702384.0
WCC         ,47637903.0
PETQ        ,47591179.0
VRNT        ,47566580.0
TMDX        ,47542658.0
NAVI        ,47461035.0
PERI        ,47442588.0
EWBC        ,47432423.0
MCO         ,47318807.0
PH          ,47272507.0
ACIW        ,47125152.0
TAC         ,47119536.0
VOYA        ,47066079.0
MASI        ,47032008.0
CBRL        ,47007517.0
IMAX        ,46839168.0
VIG         ,46770374.0
TDUP        ,46733772.0
VUZI        ,46581442.0
JXN         ,46577737.0
AAON        ,46549945.0
MEI         ,46547277.0
NVEI        ,46446110.0
MLI         ,46364807.0
PPC         ,46363159.0
LIVN        ,46274906.0
JAZZ        ,46250584.0
IDEV        ,46145180.0
BOOT        ,46085059.0
MFA         ,46066437.0
UHS         ,46017368.0
SKT         ,45983823.0
ZVRA        ,45878422.0
PROK        ,45844749.0
XPOF        ,45824403.0
FHI         ,45781417.0
GRMN        ,45769132.0
JELD        ,45718898.0
VRSN        ,45656860.0
STAA        ,45649741.0
PRM         ,45606749.0
RCUS        ,45583779.0
CERT        ,45565676.0
NKTX        ,45562993.0
AX          ,45548543.0
CGAU        ,45520581.0
PSA         ,45478045.0
XPER        ,45450673.0
PODD        ,45393266.0
LNZA        ,45375795.0
BAH         ,45370635.0
KURA        ,45334964.0
SXC         ,45315046.0
DOX         ,45309876.0
ALLE        ,45166574.0
CLDX        ,45053651.0
GWRE        ,45027381.0
TWI         ,45002415.0
NWS         ,44987949.0
LWLG        ,44966118.0
GRND        ,44931837.0
PCVX        ,44775305.0
PRVA        ,44731785.0
KMT         ,44719741.0
ONTO        ,44707336.0
MDXG        ,44693399.0
NR          ,44672178.0
VRE         ,44567187.0
AGIO        ,44544749.0
SDGR        ,44409203.0
APPN        ,44399649.0
PHAT        ,44381526.0
FHB         ,44327566.0
PECO        ,44324998.0
OC          ,44312447.0
ICL         ,44139338.0
CRS         ,44138280.0
MSM         ,44123133.0
URGN        ,44064100.0
SCS         ,44056892.0
IHI         ,44039212.0
DUOL        ,43990779.0
YELP        ,43979222.0
SLF         ,43944831.0
SEM         ,43822329.0
FFIN        ,43653024.0
J           ,43627048.0
ZYME        ,43479643.0
BIGC        ,43474647.0
USD         ,43458893.0
SPT         ,43365443.0
MMYT        ,43183370.0
TRNO        ,43150255.0
OTEX        ,43062977.0
FORM        ,42967397.0
L           ,42946525.0
CHKP        ,42898592.0
AMPL        ,42889805.0
NCMI        ,42885318.0
ITRI        ,42866721.0
GVA         ,42847119.0
DOLE        ,42774995.0
JANX        ,42727066.0
NVRO        ,42608295.0
DENN        ,42580657.0
NABL        ,42558950.0
CIM         ,42413133.0
SHOO        ,42356414.0
MSI         ,42281352.0
BPMC        ,42270235.0
FWRG        ,42160653.0
SPHR        ,42049247.0
MAA         ,42033601.0
CTKB        ,42018235.0
RPM         ,42017342.0
EHC         ,41992984.0
PRCT        ,41988793.0
DRS         ,41983906.0
SNCY        ,41973189.0
KAR         ,41823027.0
DPZ         ,41787389.0
KYTX        ,41655303.0
FAS         ,41623811.0
KODK        ,41620167.0
AXSM        ,41596997.0
CMRE        ,41576883.0
ENOV        ,41440720.0
CINF        ,41305146.0
TRN         ,41192703.0
MNRO        ,41116954.0
MOH         ,41113080.0
TH          ,41111223.0
SYRE        ,40957807.0
RYN         ,40942710.0
STOK        ,40867039.0
EPAM        ,40798423.0
AVB         ,40740653.0
CRCT        ,40669978.0
LRN         ,40524588.0
ALEC        ,40512476.0
CRL         ,40509999.0
VSTO        ,40491913.0
OABI        ,40478055.0
STR         ,40441852.0
FIBK        ,40434937.0
SES         ,40404166.0
OSW         ,40384031.0
ALTR        ,40331951.0
AGR         ,40321205.0
SPHD        ,40188163.0
GIL         ,40182460.0
SF          ,40126847.0
WNC         ,40124857.0
FAF         ,40086970.0
TRMD        ,40008577.0
ACLS        ,39977894.0
BVS         ,39945485.0
BDTX        ,39925722.0
MITK        ,39855552.0
COCO        ,39847180.0
MNDY        ,39789744.0
PB          ,39757695.0
DTM         ,39755627.0
AMBA        ,39749962.0
ZG          ,39743549.0
INST        ,39703098.0
NOTE        ,39645334.0
CTOS        ,39612385.0
BV          ,39429317.0
ACCO        ,39326984.0
WST         ,39319073.0
CAE         ,39199571.0
GIII        ,39129839.0
SEIC        ,39123967.0
CLDT        ,39079278.0
TTEC        ,38892355.0
CAL         ,38820441.0
INTA        ,38743759.0
SB          ,38673598.0
INSP        ,38652550.0
AVT         ,38610166.0
CTRI        ,38578946.0
AMTX        ,38568850.0
KYMR        ,38547862.0
XMTR        ,38529426.0
RNST        ,38474772.0
MIDD        ,38465155.0
BOTZ        ,38444110.0
SWIM        ,38426887.0
TRUP        ,38297140.0
TNL         ,38285328.0
SUI         ,38168094.0
FRPT        ,38137740.0
LBPH        ,38122007.0
VERA        ,38067677.0
RGP         ,38065027.0
PEGA        ,38039473.0
UNFI        ,37991884.0
MC          ,37954622.0
BKSY        ,37911307.0
FIHL        ,37825038.0
PYXS        ,37593407.0
FNKO        ,37495168.0
FNV         ,37460289.0
HAE         ,37443868.0
SPNT        ,37440800.0
PLRX        ,37339545.0
FTS         ,37250132.0
WNS         ,37229404.0
STKL        ,37192363.0
GBCI        ,37184450.0
ALKT        ,37157980.0
ODP         ,37065461.0
EPR         ,37030552.0
WGO         ,36945690.0
URI         ,36895359.0
ENR         ,36846756.0
HNRG        ,36792522.0
NRGV        ,36724815.0
ARCT        ,36679377.0
IAC         ,36677136.0
CRSR        ,36646076.0
INSW        ,36623059.0
NVRI        ,36572132.0
FCF         ,36547449.0
CTV         ,36462337.0
CGON        ,36420269.0
TPC         ,36382927.0
CRDF        ,36355931.0
CRMD        ,36353143.0
SSB         ,36293875.0
BLK         ,36278185.0
LADR        ,36215905.0
CAR         ,36215137.0
ICLR        ,36201331.0
SLGN        ,36157531.0
NOMD        ,36136398.0
ORIC        ,36096090.0
IVVD        ,36093977.0
CBSH        ,36072256.0
WMS         ,35938184.0
BLDE        ,35898381.0
ABM         ,35782893.0
CALM        ,35760379.0
RXST        ,35757081.0
RGNX        ,35742617.0
DGRW        ,35617880.0
CMPO        ,35591015.0
GTLS        ,35540970.0
BRKL        ,35491539.0
PCTY        ,35465137.0
AXON        ,35458746.0
MTN         ,35419642.0
MBI         ,35410978.0
BOWL        ,35401660.0
KN          ,35382098.0
TRTX        ,35356874.0
MAG         ,35345565.0
NYMT        ,35301776.0
CIBR        ,35284309.0
UBSI        ,35265237.0
HELE        ,35222835.0
UTHR        ,35210497.0
GLOB        ,35192486.0
BR          ,35164159.0
UTI         ,35162850.0
H           ,35109573.0
PPBI        ,35109040.0
TK          ,34944802.0
SUPN        ,34922527.0
ALSN        ,34761560.0
PKG         ,34738846.0
EVER        ,34734110.0
PUBM        ,34727054.0
STGW        ,34605529.0
TSL         ,34550784.0
SFNC        ,34519211.0
METC        ,34515962.0
MPWR        ,34440449.0
GKOS        ,34437395.0
HCSG        ,34380549.0
LZB         ,34359761.0
HROW        ,34347244.0
PX          ,34339211.0
ZIP         ,34325251.0
RIGL        ,34292809.2
BALY        ,34131742.0
ANGO        ,34103233.0
SOC         ,34084472.0
AZTA        ,34025957.0
SSYS        ,33971999.0
IDXX        ,33971586.0
MSCI        ,33801307.0
THO         ,33782368.0
GSL         ,33734867.0
PWP         ,33702971.0
AIQ         ,33698225.0
FRT         ,33612196.0
OMCL        ,33582053.0
KGS         ,33548437.0
SNBR        ,33547217.0
HWC         ,33522686.0
HCAT        ,33520481.0
FFIV        ,33401274.0
WIX         ,33371563.0
AMBC        ,33314768.0
DAKT        ,33290797.0
DCI         ,33079015.0
TLTW        ,33077471.0
RYAM        ,33071230.0
MED         ,33040660.0
NX          ,33003407.0
IEX         ,32999358.0
CCOI        ,32956195.0
GRWG        ,32930858.0
KLIC        ,32909815.0
WOW         ,32795594.0
KREF        ,32787428.0
LRMR        ,32714045.0
ACRE        ,32696668.0
JACK        ,32661697.0
RDW         ,32646917.0
ALRM        ,32591057.0
CNSL        ,32573062.0
HUBB        ,32494543.0
KEX         ,32493113.0
BWXT        ,32458772.0
NJR         ,32449691.0
EME         ,32409242.0
SRG         ,32409208.0
AVA         ,32383611.0
XNCR        ,32310389.0
AXS         ,32256948.0
GFF         ,32194780.0
NFG         ,32161143.0
EOLS        ,32148061.0
PLL         ,31976649.0
SEMR        ,31973149.0
CFR         ,31874959.0
GNK         ,31867527.0
CRUS        ,31793750.0
ROP         ,31632147.0
ADEA        ,31518934.0
CARS        ,31500865.0
WEBL        ,31447049.0
INVA        ,31419929.0
SITE        ,31382964.0
YMAX        ,31375349.0
RYTM        ,31351133.0
BASE        ,31216829.0
GRBK        ,31123334.0
PRG         ,31053684.0
ATGE        ,30945637.0
EHAB        ,30910550.0
FCPT        ,30905340.0
VREX        ,30884707.0
ELME        ,30877785.0
PLAB        ,30866170.0
MLM         ,30841305.0
HG          ,30783538.0
SRDX        ,30737340.0
AMP         ,30735422.0
KNTK        ,30715067.0
RRR         ,30616510.0
CLB         ,30592321.0
MXCT        ,30591363.0
SPIR        ,30586093.0
SLDB        ,30545362.0
DIN         ,30478230.0
JAMF        ,30470778.0
GRNT        ,30442592.0
BIPC        ,30421685.0
TFX         ,30356478.0
OSK         ,30336503.0
QTRX        ,30327505.0
WAFD        ,30246848.0
TSVT        ,30219560.0
TRI         ,30185837.0
REYN        ,30178714.0
OEC         ,30178428.0
DLB         ,30173014.0
FIX         ,30026727.0
AMPY        ,29970339.0
AUB         ,29921059.0
GPMT        ,29901445.0
PRTA        ,29893566.0
RHP         ,29878072.0
KRNY        ,29866382.0
HDSN        ,29802079.0
SLNO        ,29790534.0
CHH         ,29771905.0
NOBL        ,29731781.0
APAM        ,29720147.0
PBYI        ,29691714.0
PCH         ,29631669.0
NFBK        ,29542914.0
UPBD        ,29528820.0
PNFP        ,29431933.0
EZPW        ,29422707.0
AMRC        ,29344236.0
EVC         ,29331956.0
CPAY        ,29265076.0
WLK         ,29244941.0
COLM        ,29242897.0
THS         ,29222428.0
AVY         ,29220413.0
TILE        ,29219190.0
LOGI        ,29186194.0
PAX         ,29124296.0
SOXQ        ,29115485.0
POST        ,29110127.0
VRCA        ,29084454.0
CHDN        ,29079663.0
RRX         ,29074350.0
ANSS        ,29073694.0
MLKN        ,29043557.0
MANH        ,29024668.0
PEN         ,29023961.0
AVNT        ,29017774.0
ATSG        ,29013616.0
AILE        ,29012287.0
SWBI        ,28968382.0
SAIA        ,28950939.0
ALDX        ,28929481.0
STE         ,28925368.0
ARKF        ,28892256.0
ALTG        ,28871468.0
JKHY        ,28858793.0
WAT         ,28813776.0
EQIX        ,28801362.0
AMK         ,28770174.0
MTH         ,28744824.0
CADL        ,28732377.0
SKY         ,28698238.0
REGN        ,28689295.0
ACLX        ,28650160.0
IDCC        ,28632702.0
SPB         ,28613906.0
GCTS        ,28592461.0
HTBK        ,28490270.0
ALGT        ,28484728.0
TKR         ,28448615.0
LVO         ,28288190.0
NAIL        ,28286328.0
AHH         ,28282570.0
PRFT        ,28249888.0
WWD         ,28211508.0
ARW         ,28182013.0
KTB         ,28180007.0
LPRO        ,28158534.0
BWIN        ,28155938.0
CNNE        ,28101298.0
ORA         ,28095214.0
HLLY        ,28058197.0
IAGG        ,28009073.0
SGHC        ,27937618.0
XYLD        ,27936469.0
APGE        ,27917679.0
DFH         ,27900808.0
IRTC        ,27891389.0
UIS         ,27858158.0
CEIX        ,27845872.0
RDWR        ,27818989.0
ABOS        ,27694614.0
PRDO        ,27680450.0
KORU        ,27664575.0
TSEM        ,27657853.0
WING        ,27636258.0
AXGN        ,27583530.0
HI          ,27568589.0
WTW         ,27513015.0
PHR         ,27469018.0
POOL        ,27377484.0
ZD          ,27232712.0
CAPR        ,27203639.0
GLDD        ,27201541.0
VYGR        ,27191359.0
BHF         ,27182979.0
COOP        ,27166544.0
VRA         ,27165167.0
CNMD        ,27088208.0
BZH         ,27066277.0
ARKO        ,27057728.0
UMBF        ,26926909.0
PSTX        ,26884673.0
PI          ,26822732.0
PRPL        ,26818153.0
WGS         ,26653748.0
MAN         ,26583327.0
FFBC        ,26569003.0
SOI         ,26523162.0
RETL        ,26381866.0
CNXC        ,26376356.0
CCRN        ,26344735.0
BKH         ,26339329.0
ALE         ,26313803.0
MKTX        ,26312927.0
EPC         ,26309826.0
ITT         ,26288399.0
ALIM        ,26201848.0
MMSI        ,26160531.0
CVLT        ,26159941.0
ATXS        ,26100968.0
QNST        ,26096014.0
STTK        ,26028351.0
CTAS        ,26010601.0
ORLY        ,25953452.0
NBBK        ,25912375.0
PRGS        ,25892825.0
FRGE        ,25878165.0
POWI        ,25817833.0
OLED        ,25796185.0
FA          ,25791172.0
RAPT        ,25767775.0
CDXC        ,25701480.0
MATV        ,25633414.0
AMED        ,25589026.0
MRTN        ,25571307.0
CMPX        ,25553810.0
NRDS        ,25544076.0
HEI         ,25537943.0
PAR         ,25511046.0
WTFC        ,25466437.0
ASH         ,25441299.0
ERII        ,25427354.0
UCTT        ,25389533.0
GMS         ,25339794.0
BJRI        ,25314962.0
LAMR        ,25259987.0
SHYF        ,25240710.0
MEG         ,25238093.0
BLZE        ,25211590.0
HUBG        ,25192835.0
CELC        ,25126611.0
RS          ,25102904.0
OSPN        ,25077605.0
SIGI        ,25052210.0
CSTL        ,24991673.0
KNF         ,24965355.0
MDGL        ,24940885.0
EMBC        ,24892822.0
KRYS        ,24892168.0
PACS        ,24871331.0
TCBI        ,24813624.0
VCTR        ,24808028.0
SKYW        ,24781380.0
AGO         ,24764156.0
POWL        ,24760239.0
BKE         ,24755857.0
CSL         ,24748392.0
ZIMV        ,24737775.0
AMPH        ,24607168.0
RGA         ,24593650.0
IT          ,24521916.0
SKYT        ,24481371.0
AN          ,24440142.0
AOSL        ,24434703.0
SKWD        ,24417211.0
PTVE        ,24274678.0
MKFG        ,24257880.0
LECO        ,24228134.0
CBT         ,24222145.0
INGR        ,24198802.0
ARIS        ,24151335.0
OMER        ,24116881.0
ARCH        ,24095508.0
ENFN        ,24034685.0
CVRX        ,24004876.0
SANM        ,23873819.0
TNYA        ,23851879.0
SBGI        ,23839253.0
DEC         ,23833329.0
ALEX        ,23768896.0
LUNG        ,23760738.0
MMS         ,23738091.0
NSSC        ,23733054.0
BHE         ,23541311.0
DIOD        ,23532564.0
NPWR        ,23523312.0
PACK        ,23489046.0
GDYN        ,23425822.0
DTC         ,23374101.0
NMFC        ,23336852.0
IMO         ,23302065.0
GMRE        ,23247069.0
BFAM        ,23246431.0
MSGE        ,23230898.0
INO         ,23224524.0
COHU        ,23220221.0
HRMY        ,23198821.0
HTLD        ,23187631.0
LEV         ,23125704.0
DOMO        ,23073349.0
TCRX        ,23008070.0
KROS        ,22997470.0
GBX         ,22881016.0
WEX         ,22859079.0
BPOP        ,22834864.0
ABCB        ,22823672.0
CWEB        ,22786709.0
SR          ,22767537.0
ONL         ,22758872.0
EEFT        ,22687208.0
NUVL        ,22679491.0
ASGN        ,22648638.0
SSD         ,22639707.0
SIBN        ,22594330.0
DECK        ,22582052.0
ESS         ,22581288.0
WEAV        ,22469071.0
VCEL        ,22389620.0
PRAX        ,22353642.0
MGK         ,22293318.0
MTAL        ,22167736.0
ENSG        ,22108136.0
KFY         ,22089226.0
GTY         ,22036662.0
BAND        ,22010771.0
AIZ         ,21972914.0
CBZ         ,21923692.0
AGS         ,21921657.0
CMTG        ,21893970.0
EVR         ,21884954.0
RBBN        ,21812479.0
OCFC        ,21759995.0
BLFS        ,21754294.0
STXS        ,21749958.0
WSR         ,21672981.0
EXP         ,21650990.0
STRL        ,21647674.0
SWX         ,21641952.0
ITA         ,21634770.0
ROOT        ,21625367.0
FBRT        ,21600882.0
ANAB        ,21563483.0
BHR         ,21547794.0
HZO         ,21541295.0
LIT         ,21519649.0
RUSHA       ,21510769.0
NXST        ,21497883.0
ZBRA        ,21497655.0
MLTX        ,21452837.0
DAVE        ,21394813.0
AVAV        ,21348004.0
CATY        ,21268861.0
KMPR        ,21263745.0
SAFE        ,21226061.0
AXNX        ,21221576.0
ASLE        ,21204092.0
IRON        ,21202419.0
ICUI        ,21166377.0
ITOS        ,21114206.0
FSS         ,21107079.0
IVT         ,21066107.0
ICHR        ,21014372.0
SAIC        ,20980338.0
CXT         ,20962221.0
INBX        ,20904069.0
BOH         ,20855535.0
ADVM        ,20806766.0
DXLG        ,20803999.0
HOWL        ,20799202.0
LILA        ,20783579.0
LXU         ,20761286.0
FUL         ,20755065.0
ROAD        ,20741666.0
IDA         ,20693880.0
CNA         ,20693733.0
B           ,20657246.0
RGLD        ,20652303.0
HTH         ,20561808.0
PRA         ,20421351.0
INZY        ,20379892.0
BLD         ,20316188.0
CWST        ,20242626.0
AMRK        ,20183751.0
APEI        ,20152012.0
AWI         ,20107372.0
ITGR        ,20004980.0
FBLG        ,19961976.0
HLI         ,19935728.0
SLAB        ,19911338.0
CBU         ,19883593.0
LIND        ,19881449.0
SASR        ,19838971.0
MELI        ,19828532.0
KALV        ,19816031.0
BCC         ,19803655.0
GGLL        ,19784767.0
WLY         ,19698284.0
RNR         ,19691693.0
ERO         ,19641493.0
WBX         ,19564111.0
LXEO        ,19424966.0
MSFU        ,19417204.0
MTW         ,19379598.0
CWT         ,19340444.0
CCS         ,19337858.0
CFB         ,19273939.0
BCO         ,19266656.0
AVD         ,19251682.0
IGMS        ,19212459.0
CECO        ,19174932.0
DY          ,19162804.0
EPAC        ,19132364.0
LII         ,19122532.0
CENTA       ,19112706.0
TBI         ,19102677.0
CRBP        ,19101449.0
IPSC        ,19099968.0
ACTG        ,19095988.0
RSSL        ,19085540.0
FDP         ,19031570.0
OXM         ,19027106.0
ZURA        ,19005957.0
SYNA        ,18900708.0
JLL         ,18832606.0
SLVM        ,18797576.0
HPK         ,18774972.0
HEES        ,18768238.0
FCFS        ,18729286.0
UFPI        ,18661363.0
LTC         ,18533807.0
TTEK        ,18520801.0
AAT         ,18497311.0
HLNE        ,18483037.0
OFIX        ,18461534.0
MITT        ,18413036.0
WOR         ,18346638.0
APPF        ,18337503.0
VIRC        ,18335924.0
AMSWA       ,18241760.0
GSHD        ,18222081.0
EPM         ,18209254.0
NBR         ,18191161.0
COOK        ,18186298.0
FDS         ,18174886.0
PSFE        ,18103141.0
TRMK        ,18102716.0
GOOD        ,18101166.0
WSFS        ,18101080.0
TNK         ,18087669.0
TOWN        ,18059235.0
AIR         ,18054328.0
YMAB        ,18035603.0
SPXC        ,17996490.0
BOOM        ,17979579.0
INDB        ,17942936.0
KOD         ,17933977.0
AMG         ,17909110.0
CASY        ,17901470.0
SD          ,17863832.0
BDC         ,17835885.0
LAD         ,17813159.0
SNA         ,17783757.0
DRQ         ,17652434.0
BHLB        ,17613301.0
AEVA        ,17561268.0
EGP         ,17531601.0
IMXI        ,17504020.0
FBMS        ,17501330.0
HII         ,17387121.0
ENS         ,17306000.0
CPA         ,17304829.0
KRO         ,17303977.0
GOLF        ,17259620.0
DNTH        ,17255680.0
NLOP        ,17225729.0
ESAB        ,17212845.0
AIT         ,17200380.0
ATR         ,17157701.0
HRI         ,17155774.0
TRML        ,17155348.0
ZUMZ        ,17143102.0
CTLP        ,17073906.0
AFG         ,17073733.0
DC          ,17043056.0
MLNK        ,17002349.0
NDSN        ,16961029.0
LOCO        ,16920067.0
GDEN        ,16904196.0
AMZY        ,16902668.0
AZZ         ,16901411.0
R           ,16869056.0
NNBR        ,16863614.0
TITN        ,16862816.0
SST         ,16825269.0
VC          ,16819377.0
MYE         ,16814978.0
LOVE        ,16745889.0
SKYE        ,16683180.0
ML          ,16679596.0
SPTN        ,16669400.0
TCMD        ,16645264.0
LEU         ,16633304.0
ARCB        ,16572593.0
CSGS        ,16560425.0
NGVT        ,16501263.0
DBD         ,16495530.0
AEYE        ,16471140.0
USM         ,16444514.0
BTMD        ,16416487.0
ELVN        ,16416374.0
PFSI        ,16382008.0
PLSE        ,16379160.0
WSO         ,16378682.0
FLNG        ,16377653.0
LSTR        ,16353281.0
ACA         ,16344438.0
TFSL        ,16342755.0
GWW         ,16328446.0
CHCT        ,16310920.0
BIO         ,16300972.0
PBH         ,16252945.0
ARQ         ,16237618.0
HTLF        ,16219722.0
MHO         ,16202423.0
OSBC        ,16176384.0
AYI         ,16165930.0
AVAH        ,16149895.0
LCII        ,16149625.0
TDY         ,16120754.0
THRY        ,16115787.0
PPTA        ,16115725.0
SCPH        ,16103860.0
MTRX        ,16033525.0
HMN         ,15990673.0
DLX         ,15989796.0
BYRN        ,15924234.0
RMBL        ,15896101.0
BSIG        ,15869386.0
ANIP        ,15867667.0
XPEL        ,15800446.0
MEOH        ,15767832.0
FRME        ,15766029.0
WSBC        ,15745238.0
CRGX        ,15740096.0
MEDP        ,15725285.0
QIPT        ,15724987.0
MNTK        ,15714693.0
NWN         ,15596710.0
HNI         ,15593320.0
TYL         ,15577812.0
TDG         ,15573100.0
AVIR        ,15546129.0
BKNG        ,15498706.0
AKYA        ,15495551.0
RMNI        ,15422462.0
CW          ,15407345.0
AORT        ,15389016.0
ACHV        ,15371529.0
CLAR        ,15154332.0
AGYS        ,15131856.0
HLIO        ,15067661.0
PLYM        ,15020696.0
IBOC        ,15008487.0
ACIU        ,14956073.0
OFG         ,14941094.0
RACE        ,14936545.0
GLUE        ,14912400.0
IPGP        ,14899781.0
GGR         ,14889887.0
IIIV        ,14847821.0
KELYA       ,14841456.0
BATRK       ,14835490.0
LASR        ,14759219.0
MLYS        ,14668378.0
TRUE        ,14655901.0
QUIK        ,14577892.0
CDRE        ,14522632.0
KLIP        ,14465790.0
MTBA        ,14464537.0
TFII        ,14424888.0
BAP         ,14418830.0
DIVO        ,14408766.0
KRUS        ,14396907.0
CR          ,14361214.0
SCVL        ,14299493.0
FLWS        ,14284352.0
ENVA        ,14261959.0
TRVI        ,14256918.0
HEI.A       ,14249031.0
MBIN        ,14239835.0
DGII        ,14220684.0
CODI        ,14098980.0
OPFI        ,14016459.0
CVGW        ,13938089.0
SITM        ,13932381.0
HIGH        ,13861535.0
CLW         ,13855630.0
ACEL        ,13835284.0
MYPS        ,13821007.0
AMDY        ,13814364.0
HEAR        ,13802604.0
AIP         ,13748587.0
METV        ,13719389.0
BLKB        ,13665333.0
STER        ,13653036.0
WS          ,13596079.0
CLOU        ,13593211.0
HAFC        ,13567619.0
DCOM        ,13557999.0
MYRG        ,13541220.0
AWR         ,13513163.0
AVNS        ,13505527.0
FIZZ        ,13492408.0
BRC         ,13488973.0
ETD         ,13480763.0
LFCR        ,13454013.0
CWEN.A      ,13429840.0
BUSE        ,13425944.0
BBW         ,13402481.0
SDIV        ,13353407.0
NTGR        ,13298384.0
NTB         ,13287964.0
MCY         ,13261274.0
WD          ,13244243.0
OTLK        ,13226185.0
AAPB        ,13192864.0
NBTB        ,13170067.0
LOB         ,13114258.0
MASS        ,13068016.0
PJT         ,13061234.0
GPOR        ,13060331.0
CPF         ,13027291.0
NVMI        ,13004260.0
MKTW        ,12975568.0
EE          ,12939385.0
NSIT        ,12931434.0
SCSC        ,12925430.0
AMR         ,12823141.0
HSII        ,12818920.0
HFWA        ,12797288.0
TR          ,12774795.0
NSP         ,12771473.0
RCEL        ,12767213.0
LAW         ,12746276.0
OTTR        ,12709896.0
CMCO        ,12703964.0
SHEN        ,12669314.0
SJW         ,12642775.0
GAMB        ,12609249.0
PRLB        ,12580899.0
SGHT        ,12522979.0
WFG         ,12512294.0
AURA        ,12432067.0
AZPN        ,12413425.0
EXPO        ,12405111.0
INGN        ,12404942.0
AEIS        ,12395422.0
SERA        ,12390242.0
PATK        ,12381937.0
MGTX        ,12348218.0
BRDG        ,12312814.0
CTO         ,12308229.0
ACT         ,12240634.0
CNOB        ,12206180.0
FBNC        ,12173110.0
GMGI        ,12170456.0
AVO         ,12146875.0
LZM         ,12128559.0
DFEN        ,12088555.0
BOC         ,12086053.0
AGX         ,12069063.0
BANR        ,12067321.0
NHI         ,11988147.0
FOR         ,11976336.0
TUSK        ,11933226.0
CURV        ,11920271.0
CNS         ,11906985.0
STEL        ,11901240.0
PLUS        ,11900040.0
JILL        ,11890030.0
EEX         ,11865834.0
ENTA        ,11858777.0
PAYS        ,11834411.0
LSEA        ,11810747.0
ELYM        ,11789069.0
PAG         ,11780469.0
DSGN        ,11759308.0
PNTG        ,11743520.0
FFIC        ,11733512.0
VTSI        ,11720014.0
THG         ,11709104.0
MUSA        ,11694603.0
HVT         ,11690234.0
KLTR        ,11659106.0
QUAD        ,11652146.0
SCHL        ,11645655.0
ANRO        ,11605833.0
EVCM        ,11599037.0
ALTI        ,11547021.0
LWAY        ,11532543.0
TREE        ,11511131.0
MTX         ,11505344.0
PFC         ,11501622.0
SAH         ,11490660.0
FLGT        ,11490175.0
ATRO        ,11463974.0
NEWT        ,11444104.0
ROCK        ,11438286.0
SMP         ,11391138.0
WEST        ,11337518.0
CBUS        ,11313160.0
ATEX        ,11307882.0
SPSC        ,11303469.0
VTS         ,11301972.0
CCSI        ,11281233.0
HBNC        ,11270351.0
PRAA        ,11252581.0
PAY         ,11251440.0
INMB        ,11243870.0
UVE         ,11229801.0
USAP        ,11218635.0
MCFT        ,11169228.0
PLMR        ,11157355.0
STC         ,11148514.0
JSPR        ,11138827.0
GEF         ,11129233.0
WTS         ,11075216.0
BY          ,11066364.0
MDWD        ,11011499.0
SAM         ,10981655.0
ABG         ,10958407.0
GCMG        ,10940367.0
TYRA        ,10932404.0
FBK         ,10849254.0
LENZ        ,10837574.0
IIPR        ,10819958.0
CTRN        ,10815588.0
NXDT        ,10801207.0
THRM        ,10781027.0
AFCG        ,10759220.0
KOP         ,10742699.0
PKST        ,10699592.0
GLO         ,10690167.0
REX         ,10683294.0
MATW        ,10680289.0
GATX        ,10628225.0
VSEC        ,10627148.0
ANDE        ,10590936.0
GALT        ,10553789.0
FICO        ,10517921.0
MOG.A       ,10508065.0
SMHI        ,10501107.0
KIDS        ,10479705.0
CEVA        ,10471915.0
FELE        ,10458242.0
SXT         ,10416509.0
TPL         ,10359447.0
PEPG        ,10348919.0
ZYXI        ,10319488.0
STBA        ,10275241.0
LMB         ,10250606.0
TFIN        ,10235886.0
THR         ,10235281.0
ONTF        ,10231515.0
MRAM        ,10193585.0
UVV         ,10188825.0
PDFS        ,10146409.0
SRI         ,10142664.0
BOKF        ,10139670.0
HIPO        ,10134646.0
ROG         ,10133942.0
BMI         ,10124493.0
ARKW        ,10093880.0
GIB         ,10072509.0
VMI         ,10069404.0
PSMT        ,10024744.0
PRI         ,10020654.0
APOG        ,10005685.0
KNSL        ,9992641.0
JOE         ,9986609.0
HURN        ,9976141.0
ADUS        ,9964412.0
FARO        ,9952963.0
EFSC        ,9923195.0
RBC         ,9889833.0
IESC        ,9882042.0
CTS         ,9846450.0
MSA         ,9840718.0
SGC         ,9819330.0
AMAL        ,9799900.0
AMWD        ,9771911.0
RNAC        ,9716045.0
ASTE        ,9707042.0
NOVT        ,9501770.0
AMTB        ,9500705.0
DIBS        ,9496001.0
HBIO        ,9495274.0
MGEE        ,9491369.0
SPNS        ,9468482.0
PANL        ,9444732.0
IPAR        ,9438734.0
ASIX        ,9392801.0
QCLN        ,9365462.0
LBRDA       ,9294481.0
LINC        ,9264729.0
CDZI        ,9262317.0
GCO         ,9256210.0
RLI         ,9210573.0
ATNI        ,9204669.0
OB          ,9193416.0
KALU        ,9071494.0
BBSI        ,9060991.0
AIN         ,9042783.0
RPTX        ,9010724.0
REPX        ,8986964.0
MODV        ,8957423.0
SNEX        ,8956689.0
OBIO        ,8930600.0
FCN         ,8913515.0
DFIN        ,8901022.0
BBCP        ,8810516.0
STRA        ,8806610.0
CMPR        ,8712705.0
PLXS        ,8682826.0
PEBO        ,8682362.0
MTD         ,8676363.0
FFC         ,8654333.0
DORM        ,8591216.0
DXPE        ,8566612.0
OSIS        ,8538672.0
EIG         ,8537821.0
WALD        ,8509950.0
DIV         ,8497006.0
MSEX        ,8478106.0
PIPR        ,8453833.0
HGTY        ,8449796.0
MCRI        ,8442054.0
CSR         ,8316326.0
RPHM        ,8278914.0
TCBK        ,8260818.0
VMD         ,8228070.0
UFCS        ,8223923.0
ESE         ,8219341.0
NGNE        ,8216507.0
FLIC        ,8184871.0
OARK        ,8182383.0
MGRC        ,8158250.0
TRDA        ,8151318.0
IOSP        ,8100362.0
GPI         ,8096351.0
LANC        ,8087760.0
ECPG        ,8062181.0
MOV         ,8052113.0
ALVO        ,8041192.0
HWKN        ,8038433.0
LGND        ,8020595.0
KCSH        ,8015485.0
AZO         ,7999968.0
AOMR        ,7981929.0
SPOK        ,7957415.0
AMSF        ,7929114.0
AOR         ,7926925.0
CIGI        ,7906772.0
PRLD        ,7906654.0
DSP         ,7886256.0
DDS         ,7871723.0
SCWO        ,7835362.0
SKYY        ,7827392.0
EETH        ,7813130.0
HONE        ,7787943.0
WABC        ,7735272.0
GABC        ,7728075.0
NRC         ,7724544.0
CENT        ,7684100.0
GBIO        ,7665886.0
FORR        ,7606270.0
LKFN        ,7596703.0
ASUR        ,7575066.0
LFUS        ,7572973.0
ICFI        ,7548090.0
SBSI        ,7511282.0
CPS         ,7509619.0
USPH        ,7496323.0
MEC         ,7460807.0
HSTM        ,7457221.0
GRID        ,7422522.0
TLYS        ,7394321.0
OPRX        ,7378647.0
FHTX        ,7377996.0
LXFR        ,7317864.0
EVEX        ,7316595.0
IIIN        ,7315805.0
HCKT        ,7309087.0
BCPC        ,7255885.0
OOMA        ,7242506.0
MSGS        ,7207879.0
CPK         ,7196799.0
MMI         ,7186862.0
RICK        ,7173824.0
TNC         ,7160154.0
INSE        ,7159543.0
GRC         ,7151779.0
ESGR        ,7138164.0
LNN         ,7119064.0
CABO        ,7118363.0
VTOL        ,7117794.0
PSTL        ,7101544.0
LE          ,7097170.0
OBK         ,7071702.0
MOND        ,7070183.0
SCL         ,7012320.0
TPB         ,6998848.0
MSBI        ,6910294.0
VCSA        ,6866298.0
TTGT        ,6863974.0
KWR         ,6858837.0
BWMN        ,6851528.0
PGC         ,6834187.0
LNKB        ,6831438.0
MORN        ,6830463.0
FBY         ,6739587.0
BXC         ,6687776.0
NPCE        ,6679013.0
HSHP        ,6652037.0
DOOO        ,6650655.0
VVI         ,6617445.0
CACI        ,6594674.0
CSWI        ,6590748.0
CLBK        ,6553946.0
BCAL        ,6533590.0
CLPR        ,6530943.0
ONEW        ,6511502.0
AIA         ,6481981.0
UVSP        ,6463171.0
FENC        ,6462333.0
CWCO        ,6421292.0
WASH        ,6354049.0
MTRN        ,6330387.0
BF.A        ,6308242.0
BOLD        ,6302996.0
SEZL        ,6244816.0
ARKQ        ,6216924.0
CBL         ,6211233.0
RLGT        ,6206310.0
BMRC        ,6196631.0
OPAD        ,6179144.0
WDFC        ,6176877.0
SYBT        ,6174581.0
RMR         ,6151592.0
CHE         ,6148006.0
SHBI        ,6144782.0
ULBI        ,6134900.0
GEOS        ,6130071.0
FWONA       ,6127816.0
QRHC        ,6126509.0
HAYN        ,6118975.0
NPO         ,6113619.0
EBF         ,6109885.0
TG          ,6102899.0
ACRV        ,6072411.0
ZEUS        ,6071684.0
FRHC        ,6059022.0
UNF         ,6012122.0
UHAL        ,5937945.0
DRIV        ,5923669.0
STKS        ,5896824.0
MCB         ,5896521.0
GHM         ,5888409.0
JJSF        ,5882233.0
JAKK        ,5879232.0
FCNCA       ,5874166.0
SEVN        ,5862159.0
MLR         ,5841586.0
FSV         ,5825698.0
REFI        ,5805360.0
ARTNA       ,5765060.0
QTTB        ,5763457.0
MGX         ,5748802.0
CNXN        ,5739462.0
SRCE        ,5727496.0
TRC         ,5705744.0
CMCL        ,5623137.0
IDT         ,5620719.0
SKYH        ,5585759.0
VVX         ,5574310.0
IMKTA       ,5573092.0
EGAN        ,5562368.0
GLRE        ,5552458.0
HOV         ,5538233.0
KBWY        ,5533774.0
FSTR        ,5522889.0
CTGO        ,5453887.0
BANF        ,5441247.0
WMK         ,5428752.0
RNGR        ,5423437.0
AVBP        ,5393743.0
KRRO        ,5351638.0
KFRC        ,5318480.0
FG          ,5313605.0
TRST        ,5290812.0
ALG         ,5221531.0
CTNM        ,5180437.0
PKE         ,5156682.0
THRD        ,5154719.0
CARE        ,5130252.0
GPIQ        ,5115250.0
CRVO        ,5074780.0
USNA        ,5070441.0
PVBC        ,5067498.0
PROP        ,4907731.0
KAI         ,4896796.0
NGVC        ,4878155.0
BELFB       ,4811346.0
KFS         ,4772524.0
AGGH        ,4765109.0
CRMT        ,4758829.0
TWIN        ,4702524.0
NUSI        ,4689537.0
NAUT        ,4675845.0
FSBC        ,4618087.0
IPI         ,4594680.0
RSVR        ,4588165.0
NFLY        ,4563004.0
NNI         ,4537441.0
AIYY        ,4510298.0
HBB         ,4497837.0
BFST        ,4484335.0
KRBN        ,4482990.0
RBB         ,4463866.0
EAST        ,4407640.0
DTI         ,4400355.0
ERIE        ,4390406.0
GIC         ,4385634.0
APLY        ,4370084.0
MBWM        ,4358680.0
SSTI        ,4352930.0
QCRH        ,4331845.0
AVNW        ,4304857.0
CWBC        ,4301066.0
CVCO        ,4258208.0
MRNY        ,4247954.0
GOOY        ,4225238.0
GYRE        ,4220715.0
UTL         ,4100690.0
LEGH        ,4056491.0
ISPR        ,4012729.0
TMP         ,3979592.0
MSFO        ,3962631.0
NATR        ,3955711.0
CCB         ,3952772.0
IFS         ,3945365.0
SNDA        ,3935326.0
UHT         ,3928848.0
COKE        ,3908752.0
DNL         ,3905351.0
BBUC        ,3897011.0
UI          ,3865396.0
HFFG        ,3857391.0
PDLB        ,3822525.0
BLFY        ,3821085.0
PRK         ,3782658.0
FRST        ,3763518.0
AIRS        ,3759984.0
SLND        ,3758301.0
CAC         ,3715105.0
FET         ,3708302.0
CTBI        ,3687158.0
YORW        ,3677838.0
SAFT        ,3660045.0
FISI        ,3655545.0
DGICA       ,3618289.0
ALRS        ,3617066.0
CHCO        ,3609423.0
PRTH        ,3579357.0
CBAN        ,3518883.0
EP          ,3518295.0
GPIX        ,3500320.0
NHC         ,3447398.0
INNV        ,3438890.0
SMBK        ,3430880.0
SXI         ,3408060.0
ARKX        ,3406643.0
DCO         ,3385658.0
AGM         ,3321712.0
OLP         ,3282656.0
CACC        ,3250944.0
BCBP        ,3249838.0
USLM        ,3249280.0
DSGR        ,3218875.0
OPY         ,3198785.0
BFS         ,3190520.0
IBEX        ,3185717.0
NIC         ,3171517.0
MCBS        ,3163722.0
MPX         ,3159781.0
RDVT        ,3117073.0
BUCK        ,3107408.0
BWB         ,3104779.0
JYNT        ,3082161.0
ANIK        ,3072614.0
THFF        ,3050268.0
CRML        ,3047315.0
CRAI        ,3035060.0
CASS        ,3007984.0
EQBK        ,3005226.0
EGIO        ,3002723.0
AROW        ,2983628.0
NECB        ,2918599.0
BHRB        ,2899311.0
GLSI        ,2879607.0
NPK         ,2866538.0
CCNE        ,2862309.0
KRT         ,2812382.0
MOFG        ,2762995.0
FMAO        ,2750725.0
BHB         ,2739111.0
SPFI        ,2701890.0
PINE        ,2699847.0
PHX         ,2699242.0
CMT         ,2683396.0
HDRO        ,2650521.0
TCX         ,2643671.0
SQY         ,2634283.0
RPAR        ,2594178.0
STHO        ,2584633.0
FLXS        ,2583126.0
CPSS        ,2566689.0
CRVL        ,2552210.0
FCBC        ,2515678.0
NL          ,2510178.0
MKL         ,2470400.0
NREF        ,2461131.0
OFLX        ,2459057.0
CDX         ,2422558.0
TCBX        ,2418367.0
ULH         ,2417791.0
HOFT        ,2388348.0
WRLD        ,2361578.0
SMID        ,2357735.0
NWPX        ,2350462.0
CCBG        ,2331927.0
WSBF        ,2318807.0
BSRR        ,2291182.0
PBFS        ,2271254.0
SBT         ,2227776.0
SMBC        ,2188855.0
XOMO        ,2041379.0
ESQ         ,2030657.0
BATRA       ,1998674.0
VEL         ,1995710.0
USCB        ,1994252.0
SENEA       ,1989157.0
WTBA        ,1977098.0
NEU         ,1975635.0
FVCB        ,1962460.0
WINA        ,1952814.0
VLGEA       ,1937089.0
STRW        ,1929470.0
HBT         ,1924248.0
NBN         ,1904544.0
RM          ,1894017.0
PMTS        ,1888995.0
GCBC        ,1843466.0
GSBC        ,1831779.0
ESLT        ,1825148.0
PYPY        ,1752715.0
CZNC        ,1745711.0
MVBF        ,1736253.0
PCB         ,1734879.0
PFIS        ,1695005.0
ODC         ,1663175.0
BFC         ,1655602.0
NVEC        ,1655135.0
FRPH        ,1635735.0
CBNK        ,1617204.0
PTSI        ,1589493.0
MYFW        ,1588008.0
GNTY        ,1582221.0
ALCO        ,1565015.0
GWRS        ,1523045.0
BCML        ,1514006.0
XOMA        ,1505127.0
PKBK        ,1489810.0
UHG         ,1431438.0
WLFC        ,1424555.0
METCB       ,1408294.0
ATLC        ,1407124.0
NRIM        ,1406445.0
GOCO        ,1403324.0
SMTI        ,1403262.0
VGAS        ,1402391.0
DHIL        ,1361517.0
ITIC        ,1353303.0
EBTC        ,1347768.0
JMSB        ,1339974.0
NVR         ,1307841.0
BSVN        ,1279257.0
EVI         ,1267878.0
SSBK        ,1258471.0
ENLT        ,1236550.0
LVWR        ,1217435.0
BELFA       ,1216450.0
VHI         ,1212489.0
NC          ,1182617.0
FNLC        ,1179945.0
RBCAA       ,1144087.0
UTMD        ,1134676.0
SFST        ,1132961.0
JPMO        ,1130034.0
PLPC        ,1112463.0
RUSHB       ,1111897.0
GHC         ,1110168.0
ACNB        ,1077937.0
PRNT        ,1071379.0
AWAY        ,1056584.0
HIFS        ,1045536.0
FBIZ        ,1041916.0
COFS        ,1038675.0
MLP         ,1023002.0
ONIT        ,1010099.0
NODK        ,1009809.0
ATLO        ,992461.0
DISO        ,972403.0
SWKH        ,950356.0
HQI         ,943779.0
NKSH        ,915093.0
WTM         ,906738.0
ESSA        ,870298.0
CIX         ,863686.0
OBT         ,843358.0
DJCO        ,830917.0
WEYS        ,818432.0
CZFS        ,816536.0
ALX         ,801359.0
SCC         ,753461.0
BPRN        ,743199.0
NWFL        ,700785.0
VABK        ,689478.0
MBCN        ,683403.0
GEF.B       ,682877.0
AFRI        ,664822.0
ARL         ,626296.0
FDBC        ,622002.0
RRBI        ,609448.0
STRS        ,539099.0
NATH        ,524387.0
VALU        ,485654.0
AC          ,468366.0
ARKZ        ,313758.0
TCI         ,275916.0
BRK.A       ,214881.0
BDL         ,213779.0
PNRG        ,206872.0
SEB         ,164205.0
SOF         ,161972.0
BH          ,135911.0
