티커종목코드,평균_변동성_10_90,가격_변동성_평가
AA          ,36531.5711784375,Moderate Volatility
AAL         ,9826.65818390625,Moderate Volatility
AAN         ,23129.19609375,Moderate Volatility
AAOI        ,12932.812347343752,Moderate Volatility
AAPB        ,14674.3396603125,Moderate Volatility
AAPL        ,114896.6119590625,Moderate Volatility
AAPU        ,18435.49639671875,Moderate Volatility
ABBV        ,110187.78458078126,Moderate Volatility
ABCL        ,19918.22758765625,Moderate Volatility
ABNB        ,58920.38364875,Moderate Volatility
ABR         ,3907.0096210937495,Moderate Volatility
ABSI        ,7343.815366250001,Moderate Volatility
ABT         ,25603.951453125,Moderate Volatility
ABUS        ,2465.7592115625002,Moderate Volatility
ACCO        ,3415.666330000001,Moderate Volatility
ACDC        ,248783.861924375,High Volatility
ACHR        ,4084.6077496875,Moderate Volatility
ACHV        ,4618.42214171875,Moderate Volatility
ACIU        ,14634.413395156249,Moderate Volatility
ACLS        ,49357.31300484375,Moderate Volatility
ACMR        ,16334.319995,Moderate Volatility
ACN         ,127309.2862528125,Moderate Volatility
ACRE        ,7348.831997031249,Moderate Volatility
ACRS        ,19352.220419062498,Moderate Volatility
ADBE        ,215245.329926875,High Volatility
ADC         ,13584.701173124995,Moderate Volatility
ADI         ,177929.0214328125,High Volatility
ADM         ,39513.2140625,Moderate Volatility
ADMA        ,13349.907531249999,Moderate Volatility
ADP         ,110503.25973437501,Moderate Volatility
ADPT        ,42961.1407009375,Moderate Volatility
ADSK        ,61346.8046875,Moderate Volatility
ADT         ,2511.4647923437497,Moderate Volatility
ADVM        ,26790.67131171875,Moderate Volatility
AEHR        ,14729.860007187499,Moderate Volatility
AEM         ,38657.73679703125,Moderate Volatility
AEP         ,21981.787546875,Moderate Volatility
AES         ,5789.80164859375,Moderate Volatility
AEVA        ,94496.19531953125,Moderate Volatility
AFCG        ,7201.7394325,Moderate Volatility
AFL         ,79644.65121875,Moderate Volatility
AFRM        ,116078.288221875,Moderate Volatility
AG          ,10038.005327812501,Moderate Volatility
AGNC        ,6704.85678484375,Moderate Volatility
AI          ,109566.967255,Moderate Volatility
AIG         ,70346.975345,Moderate Volatility
AIQ         ,5504.174345781251,Moderate Volatility
AISP        ,8235.78453125,Moderate Volatility
AIV         ,2579.9640624999997,Moderate Volatility
AIYY        ,8209.64830765625,Moderate Volatility
AKAM        ,25844.71053984374,Moderate Volatility
AKBA        ,3256.0226978124997,Moderate Volatility
AKRO        ,16828.339562499998,Moderate Volatility
ALAB        ,24864.886567031248,Moderate Volatility
ALB         ,136777.19332890626,Moderate Volatility
ALC         ,39674.06731968749,Moderate Volatility
ALDX        ,6835.20189,Moderate Volatility
ALEC        ,18895.84063625,Moderate Volatility
ALGM        ,8773.5786646875,Moderate Volatility
ALGN        ,378271.827363125,High Volatility
ALIT        ,2493.8946935937497,Moderate Volatility
ALK         ,25642.26940828125,Moderate Volatility
ALL         ,96993.19934375,Moderate Volatility
ALLY        ,19552.110426875002,Moderate Volatility
ALNY        ,158082.8245625,Moderate Volatility
ALT         ,6060.3052578125,Moderate Volatility
ALTM        ,3416.3205868750006,Moderate Volatility
AM          ,8613.3440296875,Moderate Volatility
AMAT        ,186143.80731375,High Volatility
AMBA        ,40180.49872375,Moderate Volatility
AMC         ,365301.7307234375,High Volatility
AMCR        ,2171.014241093749,Moderate Volatility
AMCX        ,10744.48058890625,Moderate Volatility
AMD         ,141194.63697078126,Moderate Volatility
AMDL        ,6358.253300312501,Moderate Volatility
AMDY        ,6506.94720796875,Moderate Volatility
AMGN        ,182087.6580215625,High Volatility
AMKR        ,26668.185448125,Moderate Volatility
AMLX        ,2585.25015625,Moderate Volatility
AMPL        ,67583.62384390624,Moderate Volatility
AMPY        ,7482.9353125,Moderate Volatility
AMR         ,250426.40726375,High Volatility
AMRC        ,51727.9609375,Moderate Volatility
AMSC        ,18531.12368515625,Moderate Volatility
AMSWA       ,7538.671875,Moderate Volatility
AMT         ,72646.89257046876,Moderate Volatility
AMTX        ,20581.8081215625,Moderate Volatility
AMZN        ,111275.27409640625,Moderate Volatility
AMZU        ,22166.01425296875,Moderate Volatility
AMZY        ,4455.2699009375,Moderate Volatility
ANET        ,150965.4267890625,Moderate Volatility
ANF         ,175443.55541375,High Volatility
ANSS        ,93789.88571249999,Moderate Volatility
AOR         ,13558.4642059375,Moderate Volatility
APA         ,7172.65418390625,Moderate Volatility
APD         ,76055.16867531251,Moderate Volatility
APH         ,57393.318953125,Moderate Volatility
APLD        ,7107.773937500001,Moderate Volatility
APLE        ,10216.364953125001,Moderate Volatility
APLS        ,28610.2458125,Moderate Volatility
APLY        ,3756.473215468751,Moderate Volatility
APP         ,63368.03578125,Moderate Volatility
APPS        ,72724.82593171875,Moderate Volatility
APTV        ,75211.1427315625,Moderate Volatility
AQN         ,10089.928298125,Moderate Volatility
AQST        ,2470.8858171875,Moderate Volatility
AR          ,39565.385569687496,Moderate Volatility
ARAY        ,3470.9395682812496,Moderate Volatility
ARDX        ,8935.0619928125,Moderate Volatility
ARE         ,95420.30347468749,Moderate Volatility
ARI         ,4725.488661562499,Moderate Volatility
ARKF        ,23082.10837171875,Moderate Volatility
ARKG        ,83145.5148859375,Moderate Volatility
ARKK        ,78906.99340140625,Moderate Volatility
ARKQ        ,34104.09530203125,Moderate Volatility
ARKW        ,81924.79745703125,Moderate Volatility
ARKX        ,2866.042793906251,Moderate Volatility
ARQT        ,9536.101047031249,Moderate Volatility
ARR         ,38025.40846953125,Moderate Volatility
ARRY        ,30735.3607390625,Moderate Volatility
ARVN        ,65208.22568703125,Moderate Volatility
ARWR        ,32028.93941109375,Moderate Volatility
ASAN        ,73236.74840921875,Moderate Volatility
ASM         ,1930.11574953125,Moderate Volatility
ASO         ,57550.190743125,Moderate Volatility
ASTS        ,18925.9737271875,Moderate Volatility
ATI         ,48590.630140625,Moderate Volatility
ATOS        ,4976.52303390625,Moderate Volatility
ATUS        ,17537.66982015625,Moderate Volatility
ATXS        ,33084.09042,Moderate Volatility
AUPH        ,14204.40844203125,Moderate Volatility
AUR         ,10614.3134140625,Moderate Volatility
AVAV        ,147681.848734375,Moderate Volatility
AVB         ,72839.55289062501,Moderate Volatility
AVGO        ,715923.4017529688,High Volatility
AVIR        ,34909.981867031245,Moderate Volatility
AVPT        ,5530.3521125,Moderate Volatility
AVXL        ,14872.47710140625,Moderate Volatility
AVY         ,97855.576796875,Moderate Volatility
AWAY        ,8772.573292968753,Moderate Volatility
AWK         ,42040.097859375,Moderate Volatility
AWR         ,28975.676062500002,Moderate Volatility
AXON        ,302871.016640625,High Volatility
AXP         ,192216.293859375,High Volatility
BA          ,69285.2538471875,Moderate Volatility
BAC         ,17577.80231546875,Moderate Volatility
BAH         ,35770.44400171875,Moderate Volatility
BAM         ,14167.7421875,Moderate Volatility
BANC        ,3882.1927049999995,Moderate Volatility
BARK        ,14411.930804375,Moderate Volatility
BB          ,9881.520859375001,Moderate Volatility
BBAI        ,2958.2397596875,Moderate Volatility
BBIO        ,30083.125,Moderate Volatility
BBW         ,16115.0546875,Moderate Volatility
BBWI        ,34589.36746734375,Moderate Volatility
BBY         ,21848.897066250003,Moderate Volatility
BCE         ,12675.709058281249,Moderate Volatility
BCRX        ,9835.3703125,Moderate Volatility
BDN         ,9088.174780000001,Moderate Volatility
BDTX        ,12027.608518593748,Moderate Volatility
BDX         ,60355.832578125,Moderate Volatility
BE          ,20037.75954109375,Moderate Volatility
BEAM        ,77856.689598125,Moderate Volatility
BEN         ,6193.8341448437495,Moderate Volatility
BEPC        ,15095.749999999998,Moderate Volatility
BF.B        ,24953.36584828125,Moderate Volatility
BFLY        ,20181.462519218752,Moderate Volatility
BG          ,55535.152758125,Moderate Volatility
BGS         ,22589.69064734375,Moderate Volatility
BHC         ,3708.6533756250005,Moderate Volatility
BHR         ,2570.0989609375,Moderate Volatility
BIGC        ,76793.03286968751,Moderate Volatility
BIIB        ,143672.88772734374,Moderate Volatility
BK          ,19497.798629999998,Moderate Volatility
BKE         ,14230.625250000001,Moderate Volatility
BKH         ,24504.732812499995,Moderate Volatility
BKNG        ,2795876.614080156,High Volatility
BKR         ,22922.817328125002,Moderate Volatility
BKSY        ,15058.03738453125,Moderate Volatility
BL          ,13834.577250156253,Moderate Volatility
BLDE        ,10866.349569375,Moderate Volatility
BLDP        ,32592.202237656253,Moderate Volatility
BLDR        ,151452.56090125,Moderate Volatility
BLK         ,305336.374859375,High Volatility
BLNK        ,47734.37997,Moderate Volatility
BLUE        ,26729.4296575,Moderate Volatility
BMBL        ,54922.38318671875,Moderate Volatility
BMO         ,19786.683421875,Moderate Volatility
BMY         ,20941.8656546875,Moderate Volatility
BN          ,13572.41277734375,Moderate Volatility
BNS         ,15151.435171875,Moderate Volatility
BORR        ,7206.312961250001,Moderate Volatility
BOTZ        ,9827.889055624999,Moderate Volatility
BRK.B       ,284913.27511953126,High Volatility
BROS        ,38357.024069375,Moderate Volatility
BRY         ,2445.1156565624997,Moderate Volatility
BRZE        ,53438.841630312505,Moderate Volatility
BSX         ,64833.577390625,Moderate Volatility
BTBT        ,18465.1057853125,Moderate Volatility
BTE         ,1128.4183193750002,Moderate Volatility
BTG         ,1768.1778481249996,Moderate Volatility
BTU         ,24741.436215625003,Moderate Volatility
BWA         ,13773.4953125,Moderate Volatility
BWXT        ,63921.14114875,Moderate Volatility
BX          ,83335.08095468751,Moderate Volatility
BXMT        ,9836.5947659375,Moderate Volatility
BXP         ,63850.536250000005,Moderate Volatility
BYD         ,14299.7046875,Moderate Volatility
BYND        ,145469.13929078126,Moderate Volatility
C           ,28134.045326875,Moderate Volatility
CADL        ,7272.520512343751,Moderate Volatility
CAG         ,3567.3994559374964,Moderate Volatility
CAH         ,89385.31667,Moderate Volatility
CAKE        ,35371.5,Moderate Volatility
CARR        ,45909.525577500004,Moderate Volatility
CAT         ,258073.92219234374,High Volatility
CATX        ,10412.656349206349,Moderate Volatility
CAVA        ,21765.869722343752,Moderate Volatility
CB          ,16776.530074999995,Moderate Volatility
CBUS        ,631924.2105085938,High Volatility
CCCC        ,8162.74633765625,Moderate Volatility
CCI         ,80331.76171796875,Moderate Volatility
CCJ         ,19561.866117499998,Moderate Volatility
CCL         ,12393.52318453125,Moderate Volatility
CCOI        ,18935.063734375,Moderate Volatility
CDE         ,5240.47600234375,Moderate Volatility
CDNS        ,256089.167510625,High Volatility
CDXC        ,21522.004275625,Moderate Volatility
CEG         ,57223.18975,Moderate Volatility
CELH        ,56604.2580765625,Moderate Volatility
CERT        ,20287.60859375,Moderate Volatility
CF          ,57430.96666609375,Moderate Volatility
CFG         ,16859.78909875,Moderate Volatility
CFLT        ,47265.5491559375,Moderate Volatility
CGNX        ,36170.27765234375,Moderate Volatility
CHGG        ,85247.92705609374,Moderate Volatility
CHPT        ,31052.04647734375,Moderate Volatility
CHRD        ,120471.2421875,Moderate Volatility
CHRS        ,4033.39621375,Moderate Volatility
CHTR        ,120708.0703125,Moderate Volatility
CHWY        ,76904.63649015625,Moderate Volatility
CI          ,223518.30564062498,High Volatility
CIBR        ,22478.728996875,Moderate Volatility
CIFR        ,6504.52852234375,Moderate Volatility
CIM         ,33578.330420625,Moderate Volatility
CINF        ,72957.52240843751,Moderate Volatility
CIVI        ,212606.44,High Volatility
CL          ,43230.628390624996,Moderate Volatility
CLF         ,8294.881229218749,Moderate Volatility
CLNE        ,12614.35179484375,Moderate Volatility
CLOU        ,9995.86323375,Moderate Volatility
CLOV        ,17475.792560625,Moderate Volatility
CLS         ,34903.044147656256,Moderate Volatility
CLSK        ,18560.742445,Moderate Volatility
CLVT        ,21415.585080625,Moderate Volatility
CLW         ,17822.77877359375,Moderate Volatility
CLX         ,41761.328125,Moderate Volatility
CMA         ,23218.0495,Moderate Volatility
CMCSA       ,12940.813876875001,Moderate Volatility
CME         ,58836.41640937499,Moderate Volatility
CMG         ,819905.5484520313,High Volatility
CMPO        ,4110.45413921875,Moderate Volatility
CNI         ,55263.02307812501,Moderate Volatility
CNK         ,7773.445437499999,Moderate Volatility
CNQ         ,34607.00775921875,Moderate Volatility
COF         ,53529.6665525,Moderate Volatility
COHR        ,49735.4951946875,Moderate Volatility
COIN        ,225706.22081859375,High Volatility
COKE        ,1142462.40259375,High Volatility
COLD        ,9797.0,Moderate Volatility
COMM        ,13757.79536671875,Moderate Volatility
COMP        ,12342.09989828125,Moderate Volatility
CONL        ,35445.55627546875,Moderate Volatility
CONY        ,6572.2772842187505,Moderate Volatility
COP         ,30557.773147656255,Moderate Volatility
COPX        ,25373.6751828125,Moderate Volatility
CORZ        ,11646.05709875,Moderate Volatility
COST        ,739756.5891301562,High Volatility
COTY        ,6844.75968703125,Moderate Volatility
COUR        ,37117.3075146875,Moderate Volatility
CP          ,21609.6397359375,Moderate Volatility
CPB         ,14804.06790125,Moderate Volatility
CPNG        ,35111.9643359375,Moderate Volatility
CPRI        ,47485.8984375,Moderate Volatility
CPRX        ,17883.27985015625,Moderate Volatility
CRBP        ,112313.77269640626,Moderate Volatility
CRBU        ,24947.87722171875,Moderate Volatility
CRCT        ,21009.691945468752,Moderate Volatility
CRDF        ,9273.017240000001,Moderate Volatility
CRGY        ,8617.94964203125,Moderate Volatility
CRK         ,14133.027531249998,Moderate Volatility
CRM         ,126620.03144109374,Moderate Volatility
CRNC        ,117758.3425375,Moderate Volatility
CRON        ,10233.27262328125,Moderate Volatility
CROX        ,98934.88678953126,Moderate Volatility
CRSP        ,120542.652926875,Moderate Volatility
CRSR        ,20635.257490468754,Moderate Volatility
CRVO        ,135414.8036478125,Moderate Volatility
CRWD        ,283465.4665696875,High Volatility
CSCO        ,18315.203578124998,Moderate Volatility
CSIQ        ,34085.116924218746,Moderate Volatility
CSX         ,10803.111888749998,Moderate Volatility
CTAS        ,360258.8771471875,High Volatility
CTLT        ,60932.4453125,Moderate Volatility
CTO         ,3085.9014460937515,Moderate Volatility
CTRA        ,16952.81470015625,Moderate Volatility
CTVA        ,25510.74167875,Moderate Volatility
CVAC        ,120762.15883,Moderate Volatility
CVE         ,13011.2423540625,Moderate Volatility
CVNA        ,193896.59084796874,High Volatility
CVS         ,26483.8820465625,Moderate Volatility
CVX         ,99872.07842171875,Moderate Volatility
CWCO        ,23456.442765625,Moderate Volatility
CWEB        ,162944.29247734376,Moderate Volatility
CWH         ,16625.1197246875,Moderate Volatility
CXM         ,10455.93888015625,Moderate Volatility
CXW         ,10702.496874999999,Moderate Volatility
CZR         ,57500.9817878125,Moderate Volatility
D           ,26096.551439843748,Moderate Volatility
DAL         ,21590.82247625,Moderate Volatility
DASH        ,100474.68436984376,Moderate Volatility
DB          ,2096.0,Moderate Volatility
DBX         ,10922.801400781249,Moderate Volatility
DCGO        ,2992.8025246875,Moderate Volatility
DD          ,37083.4817871875,Moderate Volatility
DDD         ,46643.225401875,Moderate Volatility
DDOG        ,89988.631840625,Moderate Volatility
DE          ,121741.6862940625,Moderate Volatility
DECK        ,633844.4807185938,High Volatility
DEI         ,2411.9072912499983,Moderate Volatility
DELL        ,66227.95863921875,Moderate Volatility
DFEN        ,19220.50684375,Moderate Volatility
DG          ,89510.81452140627,Moderate Volatility
DGRO        ,26027.865649062504,Moderate Volatility
DGRW        ,45275.98387375,Moderate Volatility
DHI         ,120660.98025749999,Moderate Volatility
DHR         ,118896.6624971875,Moderate Volatility
DHT         ,7896.0449023437495,Moderate Volatility
DIA         ,177390.57154203125,High Volatility
DIS         ,74630.58469234375,Moderate Volatility
DISO        ,3900.1119789062514,Moderate Volatility
DIV         ,2176.4290653125,Moderate Volatility
DIVO        ,8066.128953125,Moderate Volatility
DKNG        ,30594.7848459375,Moderate Volatility
DKS         ,157295.709671875,Moderate Volatility
DLB         ,26824.117524999994,Moderate Volatility
DLO         ,50824.203061875,Moderate Volatility
DLR         ,53401.104056874996,Moderate Volatility
DNA         ,53738.065406507936,Moderate Volatility
DNLI        ,58384.42166859376,Moderate Volatility
DNN         ,1238.03740625,Moderate Volatility
DNUT        ,6776.04253640625,Moderate Volatility
DO          ,5336.40453921875,Moderate Volatility
DOCN        ,78464.72175796874,Moderate Volatility
DOCS        ,50982.13030953125,Moderate Volatility
DOCU        ,217291.9953878125,High Volatility
DOLE        ,5428.38153125,Moderate Volatility
DOV         ,87474.85254874999,Moderate Volatility
DOW         ,17367.5602390625,Moderate Volatility
DPST        ,214910.537055625,High Volatility
DPZ         ,240775.79821875,High Volatility
DRI         ,56848.1637384375,Moderate Volatility
DRIV        ,8169.750215624999,Moderate Volatility
DT          ,8198.557638750004,Moderate Volatility
DTC         ,15754.4759009375,Moderate Volatility
DUK         ,21315.540203125,Moderate Volatility
DUOL        ,140918.7196175,Moderate Volatility
DVAX        ,10882.463796875001,Moderate Volatility
DVN         ,30277.76875,Moderate Volatility
DX          ,5026.02346609375,Moderate Volatility
DXCM        ,76146.12314234376,Moderate Volatility
EA          ,39584.484375,Moderate Volatility
EBAY        ,30582.400953124998,Moderate Volatility
EBS         ,64296.83197171875,Moderate Volatility
ECL         ,119425.221390625,Moderate Volatility
ED          ,43560.63303734376,Moderate Volatility
EDIT        ,63379.8840928125,Moderate Volatility
EETH        ,23711.591848906253,Moderate Volatility
EFC         ,4747.215673125,Moderate Volatility
EGY         ,7596.181621875,Moderate Volatility
EIX         ,33233.335908125,Moderate Volatility
EL          ,201427.75406890624,High Volatility
ELF         ,82936.95087015624,Moderate Volatility
EMR         ,68762.57638281249,Moderate Volatility
ENB         ,8320.34828671875,Moderate Volatility
ENPH        ,97852.70089578125,Moderate Volatility
ENTG        ,70494.89350218751,Moderate Volatility
ENVX        ,13848.84953203125,Moderate Volatility
EOG         ,53539.82228125,Moderate Volatility
EOLS        ,15564.144093750001,Moderate Volatility
EPAM        ,499630.99855859374,High Volatility
EPM         ,3299.8672656250005,Moderate Volatility
EPR         ,26074.38827109375,Moderate Volatility
EPRT        ,4403.7070284375,Moderate Volatility
EQIX        ,328641.476796875,High Volatility
EQR         ,39235.360600625,Moderate Volatility
EQT         ,11681.319456874999,Moderate Volatility
ESPR        ,1171.1405796875,Moderate Volatility
ESS         ,135279.2746403125,Moderate Volatility
ESTC        ,64594.3928859375,Moderate Volatility
ETN         ,84758.8502346875,Moderate Volatility
ETSY        ,134346.53140421875,Moderate Volatility
EVC         ,2066.6967534375,Moderate Volatility
EVEX        ,3026.37625,Moderate Volatility
EVGO        ,15897.045577031251,Moderate Volatility
EW          ,38528.11089390625,Moderate Volatility
EWY         ,24597.643045937493,Moderate Volatility
EXAS        ,66998.1183221875,Moderate Volatility
EXC         ,4196.2292853125,Moderate Volatility
EXPE        ,115380.7734375,Moderate Volatility
EXPI        ,59719.48581125,Moderate Volatility
EXR         ,75630.31527796874,Moderate Volatility
F           ,10217.12328296875,Moderate Volatility
FANG        ,220871.59904687502,High Volatility
FAS         ,88799.82779046876,Moderate Volatility
FAST        ,35782.774095625,Moderate Volatility
FATE        ,94771.00792296874,Moderate Volatility
FBL         ,10140.735248125,Moderate Volatility
FBY         ,4705.95476140625,Moderate Volatility
FCEL        ,7538.35391515625,Moderate Volatility
FCX         ,40448.56018796875,Moderate Volatility
FDP         ,8137.794749999997,Moderate Volatility
FDX         ,111603.54942765625,Moderate Volatility
FE          ,21433.99039875,Moderate Volatility
FFIV        ,9169.045703125,Moderate Volatility
FGEN        ,19349.8412515625,Moderate Volatility
FIGS        ,41304.809690156246,Moderate Volatility
FIS         ,74498.5205834375,Moderate Volatility
FITB        ,21457.5880175,Moderate Volatility
FIX         ,139241.802984375,Moderate Volatility
FLGT        ,84735.100978125,Moderate Volatility
FLNC        ,9681.4058765625,Moderate Volatility
FLNG        ,6795.6025,Moderate Volatility
FLO         ,6159.673330000003,Moderate Volatility
FLR         ,34057.45380203125,Moderate Volatility
FMC         ,50220.01729609375,Moderate Volatility
FNKO        ,12373.51821546875,Moderate Volatility
FORM        ,26210.88609375,Moderate Volatility
FOXA        ,7108.05103125,Moderate Volatility
FREY        ,12405.95338828125,Moderate Volatility
FRGE        ,38994.985069999995,Moderate Volatility
FRO         ,23408.217318125,Moderate Volatility
FROG        ,27566.714228593748,Moderate Volatility
FRPT        ,62716.290578125,Moderate Volatility
FRSH        ,24610.90821046875,Moderate Volatility
FRT         ,56982.08727062501,Moderate Volatility
FSLR        ,172247.7068384375,High Volatility
FSLY        ,82403.97818734375,Moderate Volatility
FTI         ,27439.72890625,Moderate Volatility
FTNT        ,22289.265866718753,Moderate Volatility
FUBO        ,41443.80747625,Moderate Volatility
FUN         ,29785.492044444447,Moderate Volatility
FVRR        ,243723.79706703124,High Volatility
FWRD        ,13204.3426428125,Moderate Volatility
FXI         ,21754.441066718748,Moderate Volatility
GALT        ,2311.640625,Moderate Volatility
GBTG        ,1007.5822115625001,Moderate Volatility
GCT         ,20472.28573625,Moderate Volatility
GCTS        ,8065.15703859375,Moderate Volatility
GD          ,189170.654899375,High Volatility
GDRX        ,38200.550233125,Moderate Volatility
GDX         ,12671.492144374999,Moderate Volatility
GE          ,120514.8933534375,Moderate Volatility
GEHC        ,40163.095625,Moderate Volatility
GEN         ,9184.729171875,Moderate Volatility
GEO         ,13082.82681265625,Moderate Volatility
GEOS        ,6000.711750000001,Moderate Volatility
GERN        ,4702.289640625,Moderate Volatility
GES         ,20886.333331562502,Moderate Volatility
GETY        ,6959.73276015625,Moderate Volatility
GFS         ,14069.847686406252,Moderate Volatility
GGLL        ,26130.337979375,Moderate Volatility
GGR         ,14827.747049375002,Moderate Volatility
GH          ,116075.820349375,Moderate Volatility
GILD        ,27873.6737646875,Moderate Volatility
GIS         ,30037.2538125,Moderate Volatility
GLBE        ,45148.045634062495,Moderate Volatility
GLDD        ,3208.042715000001,Moderate Volatility
GLDM        ,17936.513578125,Moderate Volatility
GLNG        ,28688.88567375,Moderate Volatility
GLPI        ,8824.109359375,Moderate Volatility
GLSI        ,80842.62269078125,Moderate Volatility
GLW         ,17355.49610109375,Moderate Volatility
GM          ,22542.85995078125,Moderate Volatility
GME         ,48969.6142265625,Moderate Volatility
GMRE        ,6603.4654190625,Moderate Volatility
GNK         ,8608.0445625,Moderate Volatility
GNL         ,10220.11590578125,Moderate Volatility
GNRC        ,368165.805056875,High Volatility
GOEV        ,347740.01974359376,High Volatility
GOGL        ,9788.62029328125,Moderate Volatility
GOLD        ,5597.9415675,Moderate Volatility
GOLF        ,40041.899999999994,Moderate Volatility
GOOD        ,8586.2273859375,Moderate Volatility
GOOG        ,114729.7184896875,Moderate Volatility
GOOGL       ,112840.80038796875,Moderate Volatility
GOOY        ,3778.9914878125005,Moderate Volatility
GPC         ,102053.498578125,Moderate Volatility
GPIQ        ,4795.661849218751,Moderate Volatility
GPIX        ,4238.209187500001,Moderate Volatility
GPMT        ,7238.8091639062495,Moderate Volatility
GPN         ,36615.060650312495,Moderate Volatility
GPRO        ,8824.6082459375,Moderate Volatility
GRAB        ,8598.058478125,Moderate Volatility
GRID        ,25822.767118593747,Moderate Volatility
GRMN        ,89508.37024999999,Moderate Volatility
GRWG        ,59598.9640721875,Moderate Volatility
GS          ,369952.682671875,High Volatility
GSAT        ,1415.5254375,Moderate Volatility
GSL         ,23417.64296875,Moderate Volatility
GT          ,9255.804672187502,Moderate Volatility
GTHX        ,21591.43867171875,Moderate Volatility
GTLB        ,73756.79181562501,Moderate Volatility
GYRE        ,104532.81773,Moderate Volatility
H           ,135912.526063125,Moderate Volatility
HA          ,12136.949841874997,Moderate Volatility
HAL         ,25296.204078125,Moderate Volatility
HAS         ,38834.3225134375,Moderate Volatility
HASI        ,30956.011363125,Moderate Volatility
HBAN        ,3535.4439924999992,Moderate Volatility
HBB         ,9180.357539999999,Moderate Volatility
HBI         ,14817.86965234375,Moderate Volatility
HBM         ,6253.41671875,Moderate Volatility
HCP         ,63325.108424375,Moderate Volatility
HD          ,170371.454828125,High Volatility
HDRO        ,19538.360089375,Moderate Volatility
HDSN        ,17464.34375,Moderate Volatility
HE          ,8105.848676875001,Moderate Volatility
HEAR        ,12785.784892500003,Moderate Volatility
HGV         ,32678.263093750003,Moderate Volatility
HIMS        ,15362.671992187501,Moderate Volatility
HLF         ,42637.006957968755,Moderate Volatility
HLT         ,201337.66568046875,High Volatility
HLVX        ,425.26082057142855,Moderate Volatility
HNRG        ,9444.472290624999,Moderate Volatility
HNST        ,17483.20271078125,Moderate Volatility
HOG         ,10600.413328125,Moderate Volatility
HON         ,58323.3282359375,Moderate Volatility
HOOD        ,46007.60961,Moderate Volatility
HP          ,33432.295062499994,Moderate Volatility
HPE         ,13506.73190078125,Moderate Volatility
HPK         ,5869.37875,Moderate Volatility
HPP         ,24027.28586359375,Moderate Volatility
HPQ         ,14454.458328125002,Moderate Volatility
HRB         ,51322.05790625,Moderate Volatility
HRL         ,13596.36568875,Moderate Volatility
HRTX        ,4853.5641875,Moderate Volatility
HST         ,8688.921875,Moderate Volatility
HSY         ,38718.613776562495,Moderate Volatility
HTZ         ,40309.4057953125,Moderate Volatility
HUBC        ,20138.94685515625,Moderate Volatility
HUBS        ,375343.21820156253,High Volatility
HUM         ,96437.52203421874,Moderate Volatility
HUT         ,9145.37311515625,Moderate Volatility
HXL         ,34950.526045,Moderate Volatility
HYLN        ,11422.249546875,Moderate Volatility
IAG         ,3154.3589843749996,Moderate Volatility
IBB         ,27625.620426562502,Moderate Volatility
IBM         ,110017.27614125,Moderate Volatility
IBRX        ,10696.847973125,Moderate Volatility
ICE         ,76990.276296875,Moderate Volatility
ICL         ,3763.2487181250003,Moderate Volatility
ICLN        ,11918.1258075,Moderate Volatility
IDXX        ,220512.0,High Volatility
IEMG        ,9221.83254265625,Moderate Volatility
IFF         ,58590.54062500001,Moderate Volatility
IGMS        ,28242.913828125,Moderate Volatility
IHI         ,14662.768098281247,Moderate Volatility
IIPR        ,199562.23509703125,High Volatility
IJH         ,15873.118947343752,Moderate Volatility
IJR         ,71271.718015625,Moderate Volatility
ILMN        ,307024.22780078126,High Volatility
ILPT        ,18398.0675896875,Moderate Volatility
IMAX        ,5316.0165034374995,Moderate Volatility
IMMR        ,8938.18254265625,Moderate Volatility
IMNM        ,47389.95625,Moderate Volatility
IMVT        ,38333.4288578125,Moderate Volatility
INDI        ,6915.8325268749995,Moderate Volatility
INMD        ,61020.48637046875,Moderate Volatility
INNV        ,1603.0,Moderate Volatility
INO         ,238984.8972128125,High Volatility
INTC        ,22441.42420984375,Moderate Volatility
INTU        ,412525.84129687503,High Volatility
INVH        ,8441.105000000001,Moderate Volatility
IONQ        ,13073.908864687499,Moderate Volatility
IOT         ,10333.269093749997,Moderate Volatility
IOVA        ,12513.222875156249,Moderate Volatility
IP          ,22420.359375,Moderate Volatility
IPG         ,6075.261978437498,Moderate Volatility
IQV         ,74416.915984375,Moderate Volatility
IRBT        ,117631.03850187501,Moderate Volatility
IRDM        ,11883.2779128125,Moderate Volatility
IRM         ,83777.72359296874,Moderate Volatility
IRON        ,48328.03205,Moderate Volatility
ISRG        ,296731.4980371875,High Volatility
ITA         ,80004.05355203124,Moderate Volatility
ITW         ,83452.94353125,Moderate Volatility
IVR         ,49967.24521921875,Moderate Volatility
IVV         ,268622.14827578125,High Volatility
IVVD        ,11806.279268125,Moderate Volatility
IVZ         ,19224.52434,Moderate Volatility
IWM         ,41240.249703124995,Moderate Volatility
J           ,11422.5390625,Moderate Volatility
JAKK        ,18151.5625,Moderate Volatility
JBL         ,102689.48804687499,Moderate Volatility
JBLU        ,13580.85267171875,Moderate Volatility
JCI         ,29654.780682656252,Moderate Volatility
JEPI        ,7080.471217499999,Moderate Volatility
JEPQ        ,13084.440380781249,Moderate Volatility
JETS        ,6118.611713437499,Moderate Volatility
JNJ         ,33839.729302499996,Moderate Volatility
JOBY        ,4487.3023434375,Moderate Volatility
JPM         ,144408.903138125,Moderate Volatility
JPMO        ,1137.2250642187505,Moderate Volatility
JSPR        ,198877.6328125,High Volatility
JWN         ,16610.05995125,Moderate Volatility
K           ,20864.08770890625,Moderate Volatility
KBWY        ,3704.7054796875,Moderate Volatility
KD          ,6833.202496249998,Moderate Volatility
KDP         ,8552.708934375,Moderate Volatility
KEY         ,7312.0682389062495,Moderate Volatility
KEYS        ,95292.59085796875,Moderate Volatility
KGC         ,5279.329499999999,Moderate Volatility
KHC         ,7774.153359531251,Moderate Volatility
KIM         ,10333.2319209375,Moderate Volatility
KIND        ,10641.5292890625,Moderate Volatility
KKR         ,91960.312015625,Moderate Volatility
KLAC        ,743378.7475720312,High Volatility
KLG         ,10028.702359375,Moderate Volatility
KLIC        ,10400.478428749997,Moderate Volatility
KLIP        ,5123.9608171875,Moderate Volatility
KMB         ,33436.39421875,Moderate Volatility
KMI         ,8910.9759528125,Moderate Volatility
KNSL        ,475278.5,High Volatility
KO          ,27486.73328234375,Moderate Volatility
KODK        ,33977.98451796875,Moderate Volatility
KORU        ,24881.37747015625,Moderate Volatility
KOS         ,5473.6809629687505,Moderate Volatility
KR          ,35137.93315625,Moderate Volatility
KRBN        ,16775.11304515625,Moderate Volatility
KRC         ,10851.543321406249,Moderate Volatility
KRE         ,30112.264484375,Moderate Volatility
KREF        ,8475.5525265625,Moderate Volatility
KSS         ,32360.62925390625,Moderate Volatility
KTOS        ,15674.826147500004,Moderate Volatility
KVUE        ,6252.454497343749,Moderate Volatility
KWEB        ,44882.42661140625,Moderate Volatility
L           ,54116.96759375,Moderate Volatility
LAB         ,5440.40625265625,Moderate Volatility
LABU        ,875086.9696632812,High Volatility
LAC         ,7695.80690734375,Moderate Volatility
LAZR        ,32005.43381796875,Moderate Volatility
LC          ,35725.6705,Moderate Volatility
LCID        ,48300.9677109375,Moderate Volatility
LEG         ,28976.84391421875,Moderate Volatility
LEU         ,13934.72886734375,Moderate Volatility
LEV         ,19820.756852500002,Moderate Volatility
LEVI        ,14074.4780078125,Moderate Volatility
LFMD        ,17812.73945625,Moderate Volatility
LHX         ,75057.6018228125,Moderate Volatility
LIN         ,155580.257703125,Moderate Volatility
LIT         ,44507.885782812504,Moderate Volatility
LITE        ,34218.16875,Moderate Volatility
LLAP        ,2770.8844714062498,Moderate Volatility
LLY         ,478884.0530359375,High Volatility
LMND        ,127266.32230921875,Moderate Volatility
LMT         ,256142.71811953126,High Volatility
LNC         ,53005.7404375,Moderate Volatility
LNG         ,127880.8442671875,Moderate Volatility
LNZA        ,5788.77248046875,Moderate Volatility
LOGI        ,52151.65514375,Moderate Volatility
LOVE        ,37025.84408375,Moderate Volatility
LOW         ,74406.56487687501,Moderate Volatility
LPX         ,28502.729687500007,Moderate Volatility
LRCX        ,792536.8041159376,High Volatility
LRMR        ,102783.00368828124,Moderate Volatility
LSCC        ,38810.5816775,Moderate Volatility
LSXMA       ,6751.1976690625,Moderate Volatility
LSXMK       ,6747.36666765625,Moderate Volatility
LTC         ,8387.97341078125,Moderate Volatility
LULU        ,157008.4466603125,Moderate Volatility
LUMN        ,12141.24500671875,Moderate Volatility
LUNR        ,10836.05333234375,Moderate Volatility
LUV         ,26496.02232515625,Moderate Volatility
LVO         ,4951.0,Moderate Volatility
LVS         ,23674.165567031247,Moderate Volatility
LW          ,35697.951663281245,Moderate Volatility
LXRX        ,6102.895699375,Moderate Volatility
LYB         ,24453.529095624996,Moderate Volatility
LYEL        ,1264.2380065625002,Moderate Volatility
LYFT        ,45054.0984665625,Moderate Volatility
LYRA        ,4047.7911046874997,Moderate Volatility
LYV         ,67213.11707312499,Moderate Volatility
M           ,20841.696586562502,Moderate Volatility
MA          ,249462.359769375,High Volatility
MAA         ,28106.968158750005,Moderate Volatility
MAC         ,8161.035003125,Moderate Volatility
MAR         ,226638.93612562498,High Volatility
MARA        ,16395.495150625,Moderate Volatility
MAT         ,9028.0,Moderate Volatility
MAXN        ,5292.90238671875,Moderate Volatility
MBLY        ,18924.5064734375,Moderate Volatility
MCD         ,134158.15306640626,Moderate Volatility
MCHP        ,31045.335765625,Moderate Volatility
MCK         ,299772.17342171876,High Volatility
MCO         ,262656.162164375,High Volatility
MDB         ,277297.684375,High Volatility
MDGL        ,83386.00830718751,Moderate Volatility
MDLZ        ,28599.741078125004,Moderate Volatility
MDT         ,26819.09548218749,Moderate Volatility
MED         ,102773.74922859375,Moderate Volatility
MELI        ,884269.964234375,High Volatility
MEOH        ,32415.270328125,Moderate Volatility
MET         ,51312.217296874995,Moderate Volatility
META        ,391050.8391184375,High Volatility
METV        ,3811.8343025,Moderate Volatility
MFA         ,10830.976466875,Moderate Volatility
MFC         ,8610.683311249997,Moderate Volatility
MGA         ,32237.770758281247,Moderate Volatility
MGK         ,182879.25517390625,High Volatility
MGM         ,33792.71752,Moderate Volatility
MGNI        ,34741.163227656245,Moderate Volatility
MIR         ,2205.6669999999995,Moderate Volatility
MITT        ,20029.809548593752,Moderate Volatility
MKC         ,18961.154687500006,Moderate Volatility
MKFG        ,12851.602010468749,Moderate Volatility
MKSI        ,85594.68717468751,Moderate Volatility
MKTX        ,334410.7760567187,High Volatility
ML          ,353710.4006096875,High Volatility
MLKN        ,19814.926562499997,Moderate Volatility
MMC         ,100642.96322687501,Moderate Volatility
MMM         ,88299.285,Moderate Volatility
MMYT        ,96797.30705625,Moderate Volatility
MNKD        ,3382.0,Moderate Volatility
MNMD        ,50944.880109375,Moderate Volatility
MNST        ,21693.965253125,Moderate Volatility
MO          ,9143.474518281251,Moderate Volatility
MOAT        ,33666.8833409375,Moderate Volatility
MODG        ,9768.365562500001,Moderate Volatility
MOS         ,41805.4374828125,Moderate Volatility
MP          ,32119.29834171875,Moderate Volatility
MPC         ,188009.1046921875,High Volatility
MPW         ,15263.468952187499,Moderate Volatility
MPWR        ,431478.74393375,High Volatility
MQ          ,21399.5584275,Moderate Volatility
MRK         ,83321.485936875,Moderate Volatility
MRNA        ,343639.2823821875,High Volatility
MRNY        ,6810.3436528125,Moderate Volatility
MRO         ,26269.98559375,Moderate Volatility
MRVL        ,28989.23236921875,Moderate Volatility
MS          ,55922.588417656254,Moderate Volatility
MSCI        ,144549.33309578127,Moderate Volatility
MSFO        ,1801.9825021875008,Moderate Volatility
MSFT        ,304728.454365,High Volatility
MSFU        ,18318.08393359375,Moderate Volatility
MSI         ,149049.201578125,Moderate Volatility
MSOS        ,36110.73608078125,Moderate Volatility
MSOX        ,5346.979803125,Moderate Volatility
MSTR        ,1128279.5662540626,High Volatility
MTCH        ,139121.90982250002,Moderate Volatility
MTTR        ,26730.676284375,Moderate Volatility
MU          ,104587.229565625,Moderate Volatility
MVIS        ,18488.533016875,Moderate Volatility
MXCT        ,12509.39866671875,Moderate Volatility
MYPS        ,9211.93423515625,Moderate Volatility
NAIL        ,103866.73309359375,Moderate Volatility
NAPA        ,13635.5365475,Moderate Volatility
NAT         ,3055.8725781249996,Moderate Volatility
NATR        ,4427.242967343748,Moderate Volatility
NCLH        ,11979.94013828125,Moderate Volatility
NCMI        ,22959.08978125,Moderate Volatility
NDAQ        ,16620.0771875,Moderate Volatility
NDSN        ,86151.38367000001,Moderate Volatility
NE          ,7762.978867812499,Moderate Volatility
NEE         ,25561.64659859375,Moderate Volatility
NEM         ,23963.3872425,Moderate Volatility
NET         ,140609.85904671875,Moderate Volatility
NEWT        ,9733.832999999999,Moderate Volatility
NEXT        ,6425.372686875,Moderate Volatility
NFE         ,29172.021479375,Moderate Volatility
NFG         ,29041.792415000004,Moderate Volatility
NFLX        ,537824.4555539063,High Volatility
NFLY        ,1401.2229834375005,Moderate Volatility
NGD         ,1542.6282826562501,Moderate Volatility
NHI         ,12041.765609375001,Moderate Volatility
NI          ,14863.24184375,Moderate Volatility
NKE         ,67700.48522484375,Moderate Volatility
NKLA        ,546966.524202857,High Volatility
NKTR        ,1132.6321875,Moderate Volatility
NKTX        ,14482.359375,Moderate Volatility
NLOP        ,1675.8337343749988,Moderate Volatility
NLY         ,21183.33336,Moderate Volatility
NNN         ,11018.509656562499,Moderate Volatility
NNOX        ,49555.7434371875,Moderate Volatility
NOBL        ,46185.73809375,Moderate Volatility
NOC         ,253959.2314375,High Volatility
NOTE        ,5632.097185625,Moderate Volatility
NOV         ,5530.22416640625,Moderate Volatility
NOVA        ,36861.74449984376,Moderate Volatility
NOW         ,505017.0049525,High Volatility
NRG         ,70705.5960425,Moderate Volatility
NRGV        ,17353.09296703125,Moderate Volatility
NTAP        ,85579.3854375,Moderate Volatility
NTLA        ,118756.3960496875,Moderate Volatility
NTNX        ,43949.74770359375,Moderate Volatility
NTR         ,55716.33151296875,Moderate Volatility
NTRA        ,31131.541203125,Moderate Volatility
NU          ,10949.98986375,Moderate Volatility
NUE         ,130498.1432359375,Moderate Volatility
NUS         ,46250.0824184375,Moderate Volatility
NUSI        ,5336.691843749999,Moderate Volatility
NVAX        ,230654.16543468751,High Volatility
NVCR        ,162991.411636875,Moderate Volatility
NVD         ,4843.78749234375,Moderate Volatility
NVDA        ,277867.98140203126,High Volatility
NVDL        ,48785.55098921875,Moderate Volatility
NVDU        ,87626.1192615625,Moderate Volatility
NVDY        ,8376.155482343751,Moderate Volatility
NVT         ,21717.765768593745,Moderate Volatility
NVTS        ,4691.037593749999,Moderate Volatility
NWL         ,17739.238705,Moderate Volatility
NWN         ,13296.683739062497,Moderate Volatility
NXE         ,5356.05134375,Moderate Volatility
NXPI        ,142075.50896578125,Moderate Volatility
NXST        ,105987.893015625,Moderate Volatility
NXT         ,16865.0120228125,Moderate Volatility
NYCB        ,8887.246106031746,Moderate Volatility
NYMT        ,13396.1838103125,Moderate Volatility
NYT         ,9181.234375,Moderate Volatility
O           ,11665.67702109375,Moderate Volatility
OARK        ,6315.15190765625,Moderate Volatility
OCGN        ,7371.93839515625,Moderate Volatility
ODFL        ,66050.84059374999,Moderate Volatility
OGN         ,13071.004961718752,Moderate Volatility
OHI         ,7845.1575496875,Moderate Volatility
OKE         ,68497.6112784375,Moderate Volatility
OKTA        ,184250.30213234376,High Volatility
OLED        ,91758.49458625,Moderate Volatility
OLN         ,16942.311718750003,Moderate Volatility
OLPX        ,28893.31729234375,Moderate Volatility
OMC         ,44533.075,Moderate Volatility
OMF         ,20541.741814843754,Moderate Volatility
ON          ,52810.77616640626,Moderate Volatility
ONL         ,10385.141420312499,Moderate Volatility
OPAD        ,267944.49423375,High Volatility
OPEN        ,30199.3538415625,Moderate Volatility
OPFI        ,7416.0095246875,Moderate Volatility
OPI         ,26013.7867878125,Moderate Volatility
OPK         ,3753.745,Moderate Volatility
ORC         ,18952.10794859375,Moderate Volatility
ORCL        ,110302.0721234375,Moderate Volatility
ORGO        ,18055.11875,Moderate Volatility
ORIC        ,12884.203886093752,Moderate Volatility
OSCR        ,19572.952576249998,Moderate Volatility
OTIS        ,59881.48967,Moderate Volatility
OTLK        ,82489.665625,Moderate Volatility
OUST        ,340039.8439290625,High Volatility
OVID        ,4030.45109125,Moderate Volatility
OVV         ,56706.4670221875,Moderate Volatility
OXY         ,28558.824471249998,Moderate Volatility
PAAS        ,15173.233175468751,Moderate Volatility
PACB        ,36289.161569375,Moderate Volatility
PANW        ,125883.81378468749,Moderate Volatility
PARA        ,27905.4596453125,Moderate Volatility
PATH        ,51338.790872031255,Moderate Volatility
PAVE        ,24428.878582031248,Moderate Volatility
PAY         ,11638.04,Moderate Volatility
PAYC        ,167965.9534978125,High Volatility
PAYO        ,7471.609006875,Moderate Volatility
PAYS        ,1733.8738881250001,Moderate Volatility
PAYX        ,35649.972499999996,Moderate Volatility
PBA         ,17948.89875,Moderate Volatility
PBYI        ,4455.803569375,Moderate Volatility
PCAR        ,77771.10202453124,Moderate Volatility
PCG         ,14355.338533125,Moderate Volatility
PCT         ,23567.434236875,Moderate Volatility
PENN        ,91218.10545328126,Moderate Volatility
PEP         ,69263.3494553125,Moderate Volatility
PERI        ,30976.32913046875,Moderate Volatility
PFE         ,17777.3619190625,Moderate Volatility
PFF         ,5049.39585515625,Moderate Volatility
PG          ,77426.2232696875,Moderate Volatility
PGEN        ,9853.58212390625,Moderate Volatility
PGNY        ,25352.31291625,Moderate Volatility
PGR         ,191338.41449999998,High Volatility
PGX         ,2556.2925931249997,Moderate Volatility
PGY         ,19621.8950390625,Moderate Volatility
PH          ,388745.56625,High Volatility
PHM         ,67621.7051875,Moderate Volatility
PHX         ,2346.618984375,Moderate Volatility
PINS        ,44872.582779062504,Moderate Volatility
PK          ,12781.281670000002,Moderate Volatility
PL          ,6179.90690203125,Moderate Volatility
PLAB        ,15965.888905625,Moderate Volatility
PLD         ,58646.874453125,Moderate Volatility
PLL         ,62313.83918078125,Moderate Volatility
PLTR        ,14220.93923015625,Moderate Volatility
PLUG        ,46198.30076859375,Moderate Volatility
PM          ,51733.79632328125,Moderate Volatility
PMT         ,7029.0,Moderate Volatility
PNC         ,78449.450046875,Moderate Volatility
PODD        ,104126.21121875,Moderate Volatility
POOL        ,81777.03648437498,Moderate Volatility
POR         ,7668.1394375,Moderate Volatility
POWL        ,113967.1086596875,Moderate Volatility
PPL         ,7709.351718750002,Moderate Volatility
PR          ,16938.09334171875,Moderate Volatility
PRLB        ,141169.43625375,Moderate Volatility
PRME        ,11091.686935,Moderate Volatility
PRNT        ,21381.8482128125,Moderate Volatility
PRPL        ,38027.618180000005,Moderate Volatility
PRU         ,51150.9181321875,Moderate Volatility
PSA         ,160689.72403062502,Moderate Volatility
PSFE        ,192350.0339059375,High Volatility
PSTG        ,65236.962796875,Moderate Volatility
PSX         ,117179.0,Moderate Volatility
PTON        ,135583.168071875,Moderate Volatility
PUBM        ,42522.416766875,Moderate Volatility
PWR         ,67449.6919175,Moderate Volatility
PYPL        ,194222.3951709375,High Volatility
PYPY        ,2369.71611328125,Moderate Volatility
PZZA        ,70045.649410625,Moderate Volatility
QBTS        ,2144.68729,Moderate Volatility
QCLN        ,29121.8979646875,Moderate Volatility
QCOM        ,138346.81435484375,Moderate Volatility
QDEL        ,108042.06490359374,Moderate Volatility
QLD         ,54209.7048640625,Moderate Volatility
QQQ         ,261066.41902296877,High Volatility
QQQM        ,96002.10313015625,Moderate Volatility
QRVO        ,54846.812779374995,Moderate Volatility
QS          ,56441.45301234375,Moderate Volatility
QSI         ,11937.273993125,Moderate Volatility
QSR         ,31985.711765625,Moderate Volatility
QUIK        ,12766.618999999999,Moderate Volatility
QYLD        ,3056.3937706249994,Moderate Volatility
RACE        ,342249.26728125,High Volatility
RAPT        ,6922.37148578125,Moderate Volatility
RBLX        ,65819.53609125,Moderate Volatility
RC          ,14330.031904062502,Moderate Volatility
RCL         ,140128.0878409375,Moderate Volatility
RDFN        ,71407.089769375,Moderate Volatility
RDW         ,7994.50943140625,Moderate Volatility
REAL        ,15446.33786890625,Moderate Volatility
REGN        ,801940.640625,High Volatility
REI         ,2450.9030000000002,Moderate Volatility
RETL        ,28686.76134625,Moderate Volatility
RF          ,3516.83815171875,Moderate Volatility
RGLS        ,18200.242176875,Moderate Volatility
RGNX        ,8936.39270046875,Moderate Volatility
RGTI        ,5854.58418703125,Moderate Volatility
RH          ,142396.1229071875,Moderate Volatility
RIG         ,5582.295939687499,Moderate Volatility
RIGL        ,22369.320926507935,Moderate Volatility
RIOT        ,44239.04484453125,Moderate Volatility
RITM        ,4518.7719940625,Moderate Volatility
RIVN        ,148953.15493515626,Moderate Volatility
RKLB        ,8065.320714375,Moderate Volatility
RKT         ,28000.41856203125,Moderate Volatility
RL          ,130461.956859375,Moderate Volatility
RLAY        ,29368.59488140625,Moderate Volatility
RMBS        ,14360.481521093749,Moderate Volatility
RMD         ,83650.90834375,Moderate Volatility
RMNI        ,4559.3398690625,Moderate Volatility
RNAC        ,76744.19160625,Moderate Volatility
RNW         ,4803.505125,Moderate Volatility
ROIV        ,7075.0288290625,Moderate Volatility
ROK         ,59648.94792671876,Moderate Volatility
ROKU        ,342506.37122296874,High Volatility
ROL         ,22181.04809375,Moderate Volatility
ROOT        ,217948.4075521875,High Volatility
RPAR        ,4133.874796562501,Moderate Volatility
RPRX        ,12396.377752968749,Moderate Volatility
RSG         ,117625.24065875,Moderate Volatility
RTX         ,56747.52604359375,Moderate Volatility
RUM         ,2641.0071923437495,Moderate Volatility
RUN         ,61708.97612515625,Moderate Volatility
RVMD        ,24520.5806671875,Moderate Volatility
RWT         ,5100.4335503125,Moderate Volatility
RXRX        ,6546.780243125,Moderate Volatility
RXT         ,19934.6,Moderate Volatility
RY          ,28453.139795312494,Moderate Volatility
RYLD        ,6762.0081134375,Moderate Volatility
S           ,36452.011420625,Moderate Volatility
SABR        ,12784.03909375,Moderate Volatility
SAGE        ,43352.54677234375,Moderate Volatility
SAM         ,601239.1785725,High Volatility
SANA        ,9503.602823281251,Moderate Volatility
SAVA        ,75881.17466828125,Moderate Volatility
SAVE        ,29526.7943284375,Moderate Volatility
SBLK        ,12077.910203125,Moderate Volatility
SBRA        ,5313.57256953125,Moderate Volatility
SBUX        ,30662.24097234375,Moderate Volatility
SCCO        ,92655.5544625,Moderate Volatility
SCHD        ,13631.57231296875,Moderate Volatility
SCHW        ,32458.3381453125,Moderate Volatility
SCI         ,49714.29044796875,Moderate Volatility
SD          ,15430.370296874999,Moderate Volatility
SDGR        ,63234.3378059375,Moderate Volatility
SDIV        ,24391.088021875,Moderate Volatility
SDRL        ,16933.800574843754,Moderate Volatility
SEDG        ,285648.2271046875,High Volatility
SES         ,10573.32269328125,Moderate Volatility
SFIX        ,66716.4556025,Moderate Volatility
SFL         ,5740.62755,Moderate Volatility
SG          ,13808.13574234375,Moderate Volatility
SGHC        ,4843.213879374999,Moderate Volatility
SGML        ,28184.2235025,Moderate Volatility
SHAK        ,60197.276,Moderate Volatility
SHLS        ,23908.8555771875,Moderate Volatility
SHOP        ,96428.0593803125,Moderate Volatility
SHW         ,174656.122296875,High Volatility
SIRI        ,3035.00198296875,Moderate Volatility
SKIN        ,9084.74892953125,Moderate Volatility
SKX         ,48917.488359375,Moderate Volatility
SKYT        ,18113.95428125,Moderate Volatility
SKYW        ,67724.17871046874,Moderate Volatility
SKYY        ,37910.2644121875,Moderate Volatility
SLB         ,42887.202146250005,Moderate Volatility
SLDB        ,118187.067,Moderate Volatility
SLDP        ,10547.04264125,Moderate Volatility
SLG         ,66902.66178515625,Moderate Volatility
SLNO        ,31806.395312499997,Moderate Volatility
SLQT        ,20920.0546875,Moderate Volatility
SM          ,42999.2163940625,Moderate Volatility
SMCI        ,421239.2811725,High Volatility
SMH         ,211960.757023125,High Volatility
SMHI        ,2488.71927578125,Moderate Volatility
SMMT        ,10581.4825125,Moderate Volatility
SMR         ,9248.779041875,Moderate Volatility
SMTC        ,15017.167805312502,Moderate Volatility
SNAP        ,54108.243217968746,Moderate Volatility
SNOW        ,164994.58335921876,Moderate Volatility
SNPS        ,453331.5210565625,High Volatility
SNTI        ,5168.84887918919,Moderate Volatility
SO          ,25899.8252578125,Moderate Volatility
SOF         ,4392.439990156247,Moderate Volatility
SOFI        ,14195.65020734375,Moderate Volatility
SOLV        ,0.19999999999708962,Moderate Volatility
SOUN        ,5559.80688703125,Moderate Volatility
SOXL        ,51503.9598303125,Moderate Volatility
SOXQ        ,26322.140975937502,Moderate Volatility
SOXX        ,171481.633881875,High Volatility
SPCE        ,781850.2543810938,High Volatility
SPG         ,94940.19803125,Moderate Volatility
SPGI        ,228577.209166875,High Volatility
SPHD        ,17762.2034440625,Moderate Volatility
SPIR        ,80203.69311,Moderate Volatility
SPLG        ,25720.968277656248,Moderate Volatility
SPOT        ,219296.128875,High Volatility
SPR         ,21501.144171718748,Moderate Volatility
SPXL        ,101605.8630446875,Moderate Volatility
SPY         ,253893.99748859374,High Volatility
SPYD        ,16170.155804062502,Moderate Volatility
SPYG        ,32505.41497890625,Moderate Volatility
SPYV        ,27051.625268124997,Moderate Volatility
SQ          ,178234.63579375,High Volatility
SQY         ,4675.32423015625,Moderate Volatility
SRE         ,10644.986046874998,Moderate Volatility
SRPT        ,102794.19251812501,Moderate Volatility
SSO         ,41219.1936178125,Moderate Volatility
SSYS        ,35684.0876453125,Moderate Volatility
STAA        ,83429.977805,Moderate Volatility
STAG        ,15251.14528875,Moderate Volatility
STEM        ,33172.25845578125,Moderate Volatility
STLA        ,15409.36193890625,Moderate Volatility
STLD        ,143880.46903125,Moderate Volatility
STNE        ,26182.95851625,Moderate Volatility
STNG        ,72733.856015625,Moderate Volatility
STR         ,7760.100203124999,Moderate Volatility
STRL        ,65104.78166749999,Moderate Volatility
STT         ,26389.48203125,Moderate Volatility
STWD        ,7496.273792500001,Moderate Volatility
STX         ,65759.25259375,Moderate Volatility
SU          ,32597.648893437497,Moderate Volatility
SVC         ,4963.7821275,Moderate Volatility
SVOL        ,2037.810059375,Moderate Volatility
SVRA        ,3573.068415,Moderate Volatility
SWBI        ,7717.081015468751,Moderate Volatility
SWK         ,75578.908984375,Moderate Volatility
SWKS        ,78456.5750459375,Moderate Volatility
SWN         ,4467.4284375,Moderate Volatility
SYK         ,195986.7521353125,High Volatility
SYM         ,20636.371405,Moderate Volatility
SYRE        ,78208.18557,Moderate Volatility
SYY         ,37306.6687703125,Moderate Volatility
T           ,11170.525607187501,Moderate Volatility
TAN         ,64293.7131528125,Moderate Volatility
TD          ,7759.711272343749,Moderate Volatility
TDG         ,667257.7878734375,High Volatility
TDOC        ,216870.64731015626,High Volatility
TDUP        ,25509.06278609375,Moderate Volatility
TDW         ,65831.834890625,Moderate Volatility
TEAM        ,248184.96768125,High Volatility
TECK        ,7483.142259531249,Moderate Volatility
TECL        ,76925.54779640624,Moderate Volatility
TELL        ,4481.45830484375,Moderate Volatility
TER         ,71914.870814375,Moderate Volatility
TFC         ,22994.714,Moderate Volatility
TGB         ,1958.880665,Moderate Volatility
TGT         ,98720.68710937501,Moderate Volatility
TGTX        ,16486.845156249998,Moderate Volatility
TJX         ,70194.606729375,Moderate Volatility
TK          ,6745.0535946875,Moderate Volatility
TLRY        ,44601.53352921875,Moderate Volatility
TLS         ,28918.055020781252,Moderate Volatility
TLT         ,25409.02125046875,Moderate Volatility
TLTW        ,6956.39219890625,Moderate Volatility
TMDX        ,119322.99342765624,Moderate Volatility
TMF         ,35099.24725171875,Moderate Volatility
TMO         ,262198.4438334375,High Volatility
TMUS        ,107678.73759375,Moderate Volatility
TNA         ,28955.5505165625,Moderate Volatility
TNK         ,71502.7418125,Moderate Volatility
TOST        ,33648.2228125,Moderate Volatility
TPIC        ,69177.36194328126,Moderate Volatility
TPR         ,41829.863484375004,Moderate Volatility
TQQQ        ,59629.9010928125,Moderate Volatility
TRGP        ,146720.7502859375,Moderate Volatility
TRIP        ,28099.004081718747,Moderate Volatility
TRMB        ,25439.6239828125,Moderate Volatility
TRMD        ,20042.2574640625,Moderate Volatility
TROW        ,42299.396631875,Moderate Volatility
TRP         ,5194.7064321875005,Moderate Volatility
TRTX        ,3194.2700000000004,Moderate Volatility
TRUP        ,114966.73667578126,Moderate Volatility
TSCO        ,195282.90728125,High Volatility
TSHA        ,1872.4860640625,Moderate Volatility
TSL         ,7314.91126921875,Moderate Volatility
TSLA        ,132876.9300575,Moderate Volatility
TSLL        ,9760.95651546875,Moderate Volatility
TSLY        ,15106.82674859375,Moderate Volatility
TSN         ,35406.75130265625,Moderate Volatility
TSVT        ,40750.66777,Moderate Volatility
TT          ,69138.17312499999,Moderate Volatility
TTD         ,69322.46583390624,Moderate Volatility
TTI         ,4029.2469093750005,Moderate Volatility
TTWO        ,40512.0646678125,Moderate Volatility
TU          ,8042.534875,Moderate Volatility
TWLO        ,286159.36782375,High Volatility
TWO         ,18737.1860625,Moderate Volatility
TWST        ,134279.91289062498,Moderate Volatility
TXG         ,161609.743445,Moderate Volatility
TXN         ,69703.9293125,Moderate Volatility
TXT         ,68736.393328125,Moderate Volatility
U           ,133459.623721875,Moderate Volatility
UA          ,12042.99731359375,Moderate Volatility
UAA         ,15251.412065781251,Moderate Volatility
UAL         ,19853.927800625002,Moderate Volatility
UBER        ,50365.9565503125,Moderate Volatility
UBS         ,69709.750375,Moderate Volatility
UDMY        ,9641.2332990625,Moderate Volatility
UDOW        ,46263.929003749996,Moderate Volatility
UDR         ,17649.9062553125,Moderate Volatility
UEC         ,7281.27178125,Moderate Volatility
UGI         ,21232.949765625,Moderate Volatility
ULTA        ,92796.955859375,Moderate Volatility
UNH         ,116578.24747406249,Moderate Volatility
UNIT        ,11278.67349765625,Moderate Volatility
UNP         ,82313.34476562499,Moderate Volatility
UP          ,119773.0157346875,Moderate Volatility
UPRO        ,52381.5789771875,Moderate Volatility
UPS         ,46853.4527915625,Moderate Volatility
UPST        ,226670.75850046874,High Volatility
UPWK        ,41480.0764015625,Moderate Volatility
URA         ,13295.47049015625,Moderate Volatility
URG         ,1146.9860484375,Moderate Volatility
URI         ,606873.471875,High Volatility
UROY        ,1929.3279896874997,Moderate Volatility
URTY        ,20172.07326609375,Moderate Volatility
USB         ,18702.137794062503,Moderate Volatility
USD         ,142313.994744375,Moderate Volatility
USNA        ,44227.267141875,Moderate Volatility
UUUU        ,4158.9236875,Moderate Volatility
UVV         ,13034.730179999999,Moderate Volatility
UWMC        ,5543.0,Moderate Volatility
V           ,141359.7448775,Moderate Volatility
VAL         ,15085.968907812501,Moderate Volatility
VEA         ,14207.39564015625,Moderate Volatility
VEEV        ,87979.57479671876,Moderate Volatility
VERU        ,19927.717303593752,Moderate Volatility
VERV        ,42368.20222984375,Moderate Volatility
VET         ,16310.98475609375,Moderate Volatility
VFC         ,67856.64383828125,Moderate Volatility
VGR         ,2505.4667656250003,Moderate Volatility
VICI        ,6623.732639062502,Moderate Volatility
VIG         ,101473.988296875,Moderate Volatility
VIR         ,35797.0,Moderate Volatility
VIRC        ,5767.838765625,Moderate Volatility
VITL        ,31367.599757812503,Moderate Volatility
VKTX        ,44569.69565890625,Moderate Volatility
VLD         ,390079.08886761905,High Volatility
VLGEA       ,7799.992088281252,Moderate Volatility
VLO         ,143892.15514062502,Moderate Volatility
VLTO        ,0.42857000000367407,Moderate Volatility
VMEO        ,52464.743341249996,Moderate Volatility
VNO         ,31266.0,Moderate Volatility
VNQ         ,21572.11032140625,Moderate Volatility
VOO         ,212670.1657503125,High Volatility
VRSN        ,32817.020088593745,Moderate Volatility
VRT         ,36534.8188078125,Moderate Volatility
VRTX        ,415437.305234375,High Volatility
VSAT        ,35630.70535015625,Moderate Volatility
VSCO        ,48198.989759375,Moderate Volatility
VST         ,27573.247078281252,Moderate Volatility
VT          ,39962.63997640625,Moderate Volatility
VTI         ,110149.82510578124,Moderate Volatility
VTLE        ,31880.341620000007,Moderate Volatility
VTR         ,29381.51967875,Moderate Volatility
VTRS        ,7071.49622875,Moderate Volatility
VTSI        ,8133.6955937500015,Moderate Volatility
VTYX        ,10039.4210571875,Moderate Volatility
VUZI        ,14636.49061078125,Moderate Volatility
VWO         ,8212.895865,Moderate Volatility
VYGR        ,7800.8138540625,Moderate Volatility
VYM         ,55889.4413146875,Moderate Volatility
VZ          ,15874.83301953125,Moderate Volatility
W           ,209370.91951578122,High Volatility
WAL         ,53604.727875,Moderate Volatility
WBA         ,34370.855908125,Moderate Volatility
WBD         ,6447.4030209375005,Moderate Volatility
WBX         ,31814.519706406252,Moderate Volatility
WDAY        ,120772.3764671875,Moderate Volatility
WDC         ,45571.94121875,Moderate Volatility
WEBL        ,65381.38866640625,Moderate Volatility
WELL        ,66236.3984915625,Moderate Volatility
WEN         ,6758.412487031251,Moderate Volatility
WFC         ,31975.28255609375,Moderate Volatility
WFRD        ,73696.5798125,Moderate Volatility
WGS         ,893053.1117625,High Volatility
WHR         ,118586.465625,Moderate Volatility
WM          ,112055.28015421875,Moderate Volatility
WMB         ,30398.510819375002,Moderate Volatility
WMG         ,16236.731249999997,Moderate Volatility
WMT         ,41393.78731796875,Moderate Volatility
WOLF        ,75949.26691515624,Moderate Volatility
WOOF        ,25587.31162640625,Moderate Volatility
WPC         ,22456.57268609375,Moderate Volatility
WSR         ,5517.9241571875,Moderate Volatility
WTI         ,5425.429057812499,Moderate Volatility
WTRG        ,7230.385421875,Moderate Volatility
WTTR        ,6956.114484375001,Moderate Volatility
WU          ,6298.112514218749,Moderate Volatility
WULF        ,4922.81144296875,Moderate Volatility
WY          ,6362.008642499999,Moderate Volatility
WYNN        ,39861.1489375,Moderate Volatility
X           ,29830.794921875,Moderate Volatility
XBI         ,34764.2979315625,Moderate Volatility
XEL         ,13346.659870625006,Moderate Volatility
XERS        ,7437.28549703125,Moderate Volatility
XFOR        ,1952.07399234375,Moderate Volatility
XLE         ,66396.8115865625,Moderate Volatility
XLF         ,11219.99585125,Moderate Volatility
XLK         ,167966.74338765626,High Volatility
XLP         ,28124.318538124997,Moderate Volatility
XLRE        ,9375.744196562502,Moderate Volatility
XLU         ,17830.36712453125,Moderate Volatility
XLV         ,71376.44163140625,Moderate Volatility
XOM         ,108081.01464875,Moderate Volatility
XOMO        ,1514.826003749999,Moderate Volatility
XRX         ,6910.871979531251,Moderate Volatility
XYL         ,84762.30921875,Moderate Volatility
XYLD        ,4804.878178281252,Moderate Volatility
YETI        ,49154.24,Moderate Volatility
YINN        ,89872.26536140624,Moderate Volatility
YMAX        ,1768.7786243749997,Moderate Volatility
YUM         ,73010.132845625,Moderate Volatility
Z           ,94092.55700812499,Moderate Volatility
ZG          ,99238.3156446875,Moderate Volatility
ZI          ,38263.76364671875,Moderate Volatility
ZIM         ,56581.61007859375,Moderate Volatility
ZM          ,369434.4098965625,High Volatility
ZS          ,193375.37296875,High Volatility
ZTS         ,68120.66927375,Moderate Volatility
ZUO         ,7108.2563115625,Moderate Volatility
ZURA        ,30331.534314687502,Moderate Volatility
ZVRA        ,14115.9185709375,Moderate Volatility
ZYME        ,35307.31025765625,Moderate Volatility
